mtllib PGVWA6GR774QQO3P6ORWK8U9A.mtl
v 1.121812 0.279756 -0.253000
v 1.125475 0.270297 -0.233585
v 1.105941 0.297429 -0.244506
v 1.107162 0.291206 -0.223878
v 1.087629 0.315102 -0.240866
v 1.085187 0.312364 -0.220238
v 1.061991 0.332029 -0.221451
v 1.069316 0.346964 -0.208103
v 1.038795 0.368371 -0.217811
v 1.082745 0.361899 -0.215384
v 1.052224 0.383306 -0.223878
v 1.087629 0.361899 -0.234799
v 1.060770 0.381563 -0.244506
v 1.080303 0.346964 -0.248147
v 1.055887 0.364886 -0.257854
v 1.068095 0.332028 -0.240866
v 1.042458 0.349951 -0.250573
v 1.094954 0.324561 -0.206890
v 1.108383 0.339745 -0.214170
v 1.110824 0.342483 -0.234799
v 1.099837 0.330037 -0.248147
v 1.087629 0.315102 -0.240866
v 1.134020 0.315102 -0.217811
v 1.132800 0.321325 -0.238439
v 1.119370 0.312364 -0.250573
v 1.105941 0.297429 -0.244506
v 1.152333 0.300167 -0.248147
v 1.134020 0.294691 -0.260281
v 1.121812 0.279756 -0.253000
v 1.155996 0.290708 -0.228732
v 1.120591 0.300167 -0.210530
v 1.142566 0.275773 -0.221451
v 1.121812 0.279756 -0.253000
v 1.134020 0.294691 -0.260281
v 1.125475 0.270297 -0.233585
v 1.152333 0.300167 -0.248147
v 1.005832 0.419648 0.158353
v 1.014378 0.413674 0.180195
v 0.993624 0.402970 0.145006
v 1.010716 0.391022 0.187476
v 0.998507 0.374345 0.175341
v 0.989962 0.380319 0.153500
v 0.966766 0.388782 0.165634
v 0.969207 0.410936 0.157140
v 0.947232 0.395752 0.175341
v 0.950895 0.417656 0.166847
v 0.930140 0.424875 0.176555
v 0.941128 0.441055 0.189903
v 0.924036 0.449269 0.198397
v 0.932582 0.443544 0.220239
v 0.949674 0.435081 0.210531
v 0.961882 0.433587 0.178982
v 0.978974 0.427364 0.170488
v 0.993624 0.402970 0.145006
v 0.970428 0.427613 0.200824
v 0.987520 0.421390 0.192330
v 1.005832 0.419648 0.158353
v 0.482093 0.473912 0.681343
v 0.471105 0.473165 0.660715
v 0.483314 0.453998 0.695904
v 0.461339 0.452256 0.653434
v 0.462559 0.432094 0.666782
v 0.473547 0.433089 0.688624
v 0.513835 0.431098 0.667995
v 0.483314 0.453998 0.695904
v 0.517497 0.452007 0.677703
v 0.511393 0.471921 0.666782
v 0.545576 0.472169 0.649794
v 0.551681 0.452256 0.660715
v 0.546797 0.431596 0.651007
v 0.502847 0.430102 0.646153
v 0.535810 0.430600 0.629165
v 0.496743 0.450016 0.636446
v 0.529706 0.450514 0.618244
v 0.500405 0.471174 0.646153
v 0.534589 0.471423 0.627952
v 0.511393 0.471921 0.666782
v 0.545576 0.472169 0.649794
v 0.573656 0.472169 0.635233
v 0.562668 0.471423 0.614604
v 0.560226 0.450514 0.603683
v 0.567551 0.430600 0.613391
v 0.578539 0.431347 0.635233
v 0.580981 0.452256 0.644940
v 0.573656 0.472169 0.635233
v 0.617606 0.431596 0.614604
v 0.606618 0.430849 0.593976
v 0.600514 0.451509 0.583055
v 0.605397 0.473165 0.592762
v 0.616385 0.474161 0.613391
v 0.621268 0.453252 0.624312
v 0.616385 0.474161 0.613391
v 0.605397 0.473165 0.592762
v 0.616385 0.474161 0.613391
v 0.600514 0.451509 0.583055
v 0.621268 0.453252 0.624312
v 0.029162 0.453501 -0.873064
v 0.020616 0.426866 -0.869424
v 0.030383 0.448024 -0.913108
v 0.021837 0.421390 -0.909467
v 0.034045 0.414172 -0.936163
v 0.009628 0.405211 -0.948297
v 0.054799 0.404464 -0.962858
v 0.034045 0.393760 -0.979846
v 0.079216 0.394009 -0.981060
v 0.064566 0.381314 -1.001688
v -0.007463 0.421390 -0.864570
v -0.006242 0.414669 -0.913108
v -0.006242 0.423133 -0.964072
v 0.021837 0.409691 -0.999261
v 0.057241 0.395254 -1.025957
v -0.026997 0.442548 -0.863357
v -0.024555 0.434583 -0.919175
v 0.002303 0.449767 -0.966499
v 0.030383 0.436076 -1.002902
v 0.065787 0.421888 -1.029597
v 0.080437 0.434583 -1.008969
v -0.018451 0.469183 -0.866997
v -0.016009 0.461217 -0.922815
v 0.026720 0.458479 -0.955578
v 0.051137 0.446780 -0.985914
v 0.080437 0.434583 -1.008969
v 0.062124 0.430849 -0.966499
v 0.087762 0.420643 -0.984700
v 0.041370 0.440806 -0.939803
v 0.010849 0.467938 -0.919175
v 0.008408 0.474659 -0.871851
v 0.029162 0.453501 -0.873064
v 0.030383 0.448024 -0.913108
v 0.087762 0.420643 -0.984700
v 0.079216 0.394009 -0.981060
v 0.064566 0.381314 -1.001688
v 0.020616 0.426866 -0.869424
v 0.029162 0.453501 -0.873064
v -0.007463 0.421390 -0.864570
v 0.008408 0.474659 -0.871851
v 0.087762 0.420643 -0.984700
v 0.062124 0.430849 -0.966499
v 0.041370 0.440806 -0.939803
v 0.307513 0.441304 0.557573
v 0.328267 0.460719 0.550292
v 0.302630 0.429853 0.526024
v 0.320942 0.446780 0.513889
v 0.287980 0.416412 0.498115
v 0.303850 0.430600 0.479913
v 0.279434 0.414420 0.453218
v 0.296525 0.399485 0.436230
v 0.250134 0.377829 0.414388
v 0.305071 0.373847 0.444724
v 0.257459 0.352191 0.422882
v 0.295305 0.363143 0.468992
v 0.253796 0.344723 0.450791
v 0.276992 0.378078 0.484767
v 0.244029 0.363143 0.470206
v 0.269667 0.403717 0.476273
v 0.235483 0.388782 0.461712
v 0.327046 0.419399 0.470206
v 0.335592 0.393760 0.477486
v 0.319721 0.379323 0.495688
v 0.296525 0.390773 0.506609
v 0.287980 0.416412 0.498115
v 0.355126 0.412429 0.517530
v 0.336813 0.395503 0.529664
v 0.309955 0.404215 0.534518
v 0.302630 0.429853 0.526024
v 0.342917 0.409442 0.566067
v 0.316059 0.415665 0.564853
v 0.307513 0.441304 0.557573
v 0.363672 0.428609 0.560000
v 0.346580 0.438068 0.509035
v 0.355126 0.454247 0.551506
v 0.235483 0.279756 -1.129099
v 0.255017 0.270297 -1.125458
v 0.237925 0.297429 -1.112111
v 0.256238 0.291206 -1.103617
v 0.231821 0.315102 -1.093909
v 0.250134 0.312364 -1.081775
v 0.240367 0.332029 -1.062360
v 0.255017 0.346964 -1.063573
v 0.234263 0.368371 -1.040518
v 0.253796 0.361899 -1.078135
v 0.233042 0.383306 -1.055079
v 0.237925 0.361899 -1.091482
v 0.218392 0.381563 -1.070854
v 0.223275 0.346964 -1.090269
v 0.203742 0.364886 -1.070854
v 0.223275 0.332029 -1.075708
v 0.204963 0.349951 -1.056293
v 0.267225 0.324561 -1.086628
v 0.266004 0.339745 -1.101190
v 0.247692 0.342483 -1.112111
v 0.231821 0.330037 -1.108470
v 0.231821 0.315102 -1.093909
v 0.273329 0.315102 -1.126672
v 0.253796 0.321325 -1.133952
v 0.236704 0.312364 -1.126672
v 0.237925 0.297429 -1.112111
v 0.252575 0.300167 -1.154581
v 0.235483 0.294691 -1.143660
v 0.235483 0.279756 -1.129099
v 0.272109 0.290708 -1.150940
v 0.274550 0.300167 -1.110897
v 0.273329 0.275773 -1.136379
v 0.932582 0.443544 0.220239
v 0.924036 0.449269 0.198397
v 0.926478 0.422884 0.229946
v 0.909386 0.434583 0.187476
v 0.903282 0.413923 0.197183
v 0.911828 0.407949 0.219025
v 0.935024 0.396996 0.205677
v 0.926478 0.422884 0.229946
v 0.947232 0.413176 0.219025
v 0.949674 0.435081 0.210531
v 0.970428 0.427613 0.200824
v 0.967986 0.405957 0.209318
v 0.955778 0.390027 0.195970
v 0.927699 0.402970 0.185049
v 0.975311 0.382808 0.186262
v 0.985078 0.399236 0.199610
v 0.987520 0.421390 0.192330
v 1.010716 0.391022 0.187476
v 1.014378 0.413674 0.180195
v 0.219613 0.351693 -1.040518
v 0.204963 0.349951 -1.056293
v 0.223275 0.332029 -1.075708
v 0.572435 0.275524 1.016250
v 0.578539 0.281996 1.035665
v 0.589527 0.285730 1.002903
v 0.600514 0.294442 1.019891
v 0.604177 0.296931 0.984701
v 0.617606 0.307634 0.996835
v 0.628593 0.319583 0.973780
v 0.648127 0.311368 0.978634
v 0.659114 0.325308 0.950725
v 0.653010 0.292451 0.971353
v 0.663998 0.306141 0.943444
v 0.639581 0.281498 0.959219
v 0.650568 0.294691 0.932523
v 0.621268 0.289712 0.954365
v 0.629814 0.302407 0.927670
v 0.615164 0.308630 0.961646
v 0.624931 0.321574 0.934950
v 0.635918 0.299171 1.002903
v 0.640802 0.280005 0.995622
v 0.628593 0.269550 0.982274
v 0.609060 0.278013 0.977421
v 0.604177 0.296931 0.984701
v 0.622489 0.264572 1.021104
v 0.611502 0.256108 1.005329
v 0.595631 0.266812 0.995622
v 0.589527 0.285730 1.002903
v 0.589527 0.243663 1.022318
v 0.577318 0.256357 1.010183
v 0.572435 0.275524 1.016250
v 0.596852 0.250134 1.040519
v 0.616385 0.283738 1.028385
v 0.591968 0.269301 1.047800
v 0.203742 0.364886 -1.070854
v 0.204963 0.349951 -1.056293
v 0.218392 0.381563 -1.070854
v 0.219613 0.351693 -1.040518
v 0.255017 0.270297 -1.125458
v 0.252575 0.300167 -1.154581
v 0.235483 0.294691 -1.143660
v 0.235483 0.279756 -1.129099
v 0.327046 0.441304 -0.545438
v 0.311175 0.460719 -0.558785
v 0.303850 0.429853 -0.526023
v 0.283096 0.446780 -0.535730
v 0.285538 0.416412 -0.499327
v 0.262342 0.430600 -0.504181
v 0.250134 0.414420 -0.468991
v 0.228158 0.399485 -0.477485
v 0.231821 0.377829 -0.425308
v 0.231821 0.373847 -0.488406
v 0.235483 0.352191 -0.436229
v 0.257459 0.363143 -0.490833
v 0.261121 0.344723 -0.447149
v 0.279434 0.378078 -0.483552
v 0.283096 0.363143 -0.447149
v 0.276992 0.403717 -0.472632
v 0.279434 0.388782 -0.436229
v 0.241588 0.419399 -0.519955
v 0.245250 0.393760 -0.530876
v 0.268446 0.379323 -0.526023
v 0.289200 0.390773 -0.510248
v 0.285538 0.416412 -0.499327
v 0.269667 0.412429 -0.567279
v 0.290421 0.395503 -0.557572
v 0.307513 0.404215 -0.536944
v 0.303850 0.429853 -0.526023
v 0.318501 0.409442 -0.580627
v 0.330709 0.415665 -0.556358
v 0.327046 0.441304 -0.545438
v 0.302630 0.428609 -0.595188
v 0.266004 0.438068 -0.556358
v 0.298967 0.454247 -0.584267
v 0.307513 0.441304 0.557573
v 0.316059 0.415665 0.564853
v 0.328267 0.460719 0.550292
v 0.342917 0.409442 0.566067
v 0.244029 0.363143 0.470206
v 0.235483 0.388782 0.461712
v 0.253796 0.344723 0.450791
v 0.239146 0.396249 0.433803
v 0.832473 0.473912 0.006674
v 0.809277 0.473165 0.003034
v 0.844682 0.453998 0.015168
v 0.798290 0.452256 0.007888
v 0.809277 0.432094 0.015168
v 0.832473 0.433089 0.018809
v 0.839798 0.431098 -0.026088
v 0.844682 0.453998 0.015168
v 0.850786 0.452007 -0.023661
v 0.837357 0.471921 -0.024875
v 0.843461 0.472169 -0.063705
v 0.856890 0.452256 -0.061278
v 0.845903 0.431596 -0.063705
v 0.816602 0.430102 -0.029729
v 0.822707 0.430600 -0.067345
v 0.804394 0.450016 -0.030942
v 0.810498 0.450514 -0.068558
v 0.814161 0.471174 -0.028515
v 0.820265 0.471423 -0.067345
v 0.837357 0.471921 -0.024875
v 0.843461 0.472169 -0.063705
v 0.848344 0.472169 -0.094041
v 0.825148 0.471423 -0.097681
v 0.815382 0.450514 -0.101321
v 0.827590 0.430600 -0.102535
v 0.850786 0.431347 -0.097681
v 0.861773 0.452256 -0.094041
v 0.848344 0.472169 -0.094041
v 0.858111 0.431596 -0.141364
v 0.834915 0.430849 -0.145005
v 0.822707 0.451509 -0.147432
v 0.832473 0.473165 -0.145005
v 0.855669 0.474161 -0.141364
v 0.869098 0.453252 -0.138938
v 0.855669 0.474161 -0.141364
v 0.283096 0.363143 -0.447149
v 0.279434 0.388782 -0.436229
v 0.261121 0.344723 -0.447149
v 0.253796 0.396249 -0.425308
v 0.327046 0.441304 -0.545438
v 0.330709 0.415665 -0.556358
v 0.311175 0.460719 -0.558785
v 0.318501 0.409442 -0.580627
v 0.239146 0.396249 0.433803
v 0.235483 0.388782 0.461712
v 0.269667 0.403717 0.476273
v -0.205239 0.285730 -1.130312
v -0.211343 0.299669 -1.146087
v -0.186927 0.277764 -1.141233
v -0.188147 0.289961 -1.158221
v -0.164951 0.266563 -1.152154
v -0.167393 0.278760 -1.169142
v -0.147860 0.269301 -1.178849
v -0.138093 0.287721 -1.180063
v -0.113676 0.275026 -1.193411
v -0.125885 0.294193 -1.164288
v -0.101468 0.281498 -1.177636
v -0.124664 0.282494 -1.147300
v -0.099026 0.268803 -1.159434
v -0.135651 0.264323 -1.144873
v -0.108793 0.249388 -1.158221
v -0.146639 0.257602 -1.161861
v -0.121001 0.242667 -1.175209
v -0.157626 0.297678 -1.170355
v -0.145418 0.304150 -1.154581
v -0.142976 0.291953 -1.136379
v -0.152743 0.273284 -1.136379
v -0.164951 0.266563 -1.152154
v -0.167393 0.315351 -1.143660
v -0.164951 0.303154 -1.125458
v -0.174718 0.284485 -1.124245
v -0.186927 0.277764 -1.141233
v -0.186927 0.312862 -1.113324
v -0.193031 0.292451 -1.114537
v -0.205239 0.285730 -1.130312
v -0.193031 0.326801 -1.129099
v -0.178381 0.308630 -1.159434
v -0.204018 0.320080 -1.144873
v 0.639581 0.333024 0.947085
v 0.624931 0.321574 0.934950
v 0.615164 0.308630 0.961646
v 0.276992 0.403717 -0.472632
v 0.279434 0.388782 -0.436229
v 0.253796 0.396249 -0.425308
v 0.909386 0.434583 0.187476
v 0.629814 0.302407 0.927670
v 0.624931 0.321574 0.934950
v 0.650568 0.294691 0.932523
v 0.639581 0.333024 0.947085
v -0.205239 0.285730 -1.130312
v -0.193031 0.292451 -1.114537
v -0.211343 0.299669 -1.146087
v -0.186927 0.312862 -1.113324
v 1.088849 0.262082 0.399827
v 1.105941 0.273284 0.405894
v 1.083966 0.263576 0.414388
v 1.099837 0.275026 0.422882
v 1.076641 0.263576 0.431376
v 1.092512 0.274777 0.438656
v 1.086408 0.274777 0.453218
v 1.085187 0.295935 0.454431
v 1.076641 0.295686 0.472633
v 1.068095 0.305892 0.447150
v 1.059549 0.305643 0.465352
v 1.052224 0.294442 0.438656
v 1.043678 0.293695 0.458071
v 1.053445 0.273533 0.437443
v 1.043678 0.272039 0.458071
v 1.070537 0.263576 0.444724
v 1.060770 0.262331 0.465352
v 1.091291 0.295935 0.438656
v 1.074199 0.305643 0.431376
v 1.058328 0.294442 0.424095
v 1.059549 0.273284 0.424095
v 1.076641 0.263576 0.431376
v 1.081524 0.306141 0.415601
v 1.065653 0.294691 0.408321
v 1.066874 0.273533 0.407107
v 1.083966 0.263576 0.414388
v 1.071758 0.293197 0.391333
v 1.071758 0.272039 0.392546
v 1.088849 0.262082 0.399827
v 1.088849 0.304399 0.396186
v 1.098616 0.296184 0.422882
v 1.105941 0.294442 0.403467
v -0.099026 0.268803 -1.159434
v -0.123443 0.255611 -1.192197
v -0.121001 0.242667 -1.175209
v -0.108793 0.249388 -1.158221
v 0.572435 0.275524 1.016250
v 0.577318 0.256357 1.010183
v 0.578539 0.281996 1.035665
v 0.589527 0.243663 1.022318
v 0.822707 0.451509 -0.147432
v 0.869098 0.453252 -0.138938
v 0.855669 0.474161 -0.141364
v 0.832473 0.473165 -0.145005
v 1.077862 0.274030 0.472633
v 1.060770 0.262331 0.465352
v 1.070537 0.263576 0.444724
v 1.088849 0.262082 0.399827
v 1.071758 0.272039 0.392546
v 1.105941 0.273284 0.405894
v 1.071758 0.293197 0.391333
v -0.669158 0.275524 -0.962858
v -0.677704 0.281996 -0.981060
v -0.685029 0.285730 -0.948297
v -0.697237 0.294442 -0.962858
v -0.698458 0.296931 -0.927669
v -0.711887 0.307635 -0.939803
v -0.721654 0.319583 -0.915534
v -0.741187 0.311368 -0.919175
v -0.749733 0.325308 -0.890052
v -0.746070 0.292451 -0.910681
v -0.754616 0.306141 -0.882772
v -0.731420 0.281498 -0.899760
v -0.738745 0.294691 -0.871851
v -0.711887 0.289712 -0.896120
v -0.719212 0.302407 -0.869424
v -0.707004 0.308630 -0.904614
v -0.714329 0.321574 -0.876705
v -0.731420 0.299171 -0.943443
v -0.736304 0.280005 -0.936163
v -0.721654 0.269550 -0.924029
v -0.703341 0.278013 -0.920388
v -0.698458 0.296931 -0.927669
v -0.719212 0.264572 -0.962858
v -0.707004 0.256108 -0.948297
v -0.689912 0.266812 -0.939803
v -0.685029 0.285730 -0.948297
v -0.687470 0.243663 -0.966499
v -0.674041 0.256357 -0.955578
v -0.669158 0.275524 -0.962858
v -0.696016 0.250134 -0.984700
v -0.714329 0.283738 -0.971352
v -0.691133 0.269301 -0.991981
v 1.043678 0.272039 0.458071
v 1.060770 0.262331 0.465352
v 1.043678 0.293695 0.458071
v 1.077862 0.274030 0.472633
v 0.482093 0.473912 0.681343
v 0.471105 0.473165 0.660715
v 0.461339 0.452256 0.653434
v -0.669158 0.275524 -0.962858
v -0.674041 0.256357 -0.955578
v -0.677704 0.281996 -0.981060
v -0.687470 0.243663 -0.966499
v -0.719212 0.302407 -0.869424
v -0.714329 0.321574 -0.876705
v -0.738745 0.294691 -0.871851
v -0.728979 0.333024 -0.887626
v -0.728979 0.333024 -0.887626
v -0.714329 0.321574 -0.876705
v -0.707004 0.308630 -0.904614
v 1.060770 0.381563 -0.244506
v 1.033912 0.351693 -0.229945
v 1.042458 0.349951 -0.250573
v 1.055887 0.364886 -0.257854
v -0.527540 0.308630 1.018677
v -0.545853 0.307386 1.029598
v -0.512890 0.300167 1.036879
v -0.528761 0.297429 1.051440
v -0.493357 0.295189 1.052653
v -0.504344 0.291704 1.069641
v -0.479928 0.289215 1.084203
v -0.486032 0.269301 1.090270
v -0.456732 0.268057 1.106044
v -0.479928 0.253370 1.078135
v -0.450628 0.251877 1.092697
v -0.468940 0.257104 1.059934
v -0.439640 0.256108 1.074495
v -0.462836 0.276769 1.055080
v -0.435978 0.276520 1.068428
v -0.468940 0.292948 1.067215
v -0.442082 0.292699 1.080562
v -0.510449 0.272039 1.074495
v -0.504344 0.255860 1.062361
v -0.493357 0.259593 1.045373
v -0.487253 0.279258 1.040519
v -0.493357 0.295189 1.052653
v -0.532424 0.262580 1.040519
v -0.516553 0.265318 1.025958
v -0.506786 0.284236 1.024744
v -0.512890 0.300167 1.036879
v -0.534865 0.275275 1.004116
v -0.521436 0.292699 1.006543
v -0.527540 0.308630 1.018677
v -0.553178 0.274031 1.015037
v -0.538528 0.278760 1.052653
v -0.559282 0.289961 1.028385
v -0.919429 0.448025 -0.227518
v -0.912105 0.464951 -0.205676
v -0.892571 0.452256 -0.245720
v -0.880363 0.469929 -0.227518
v -0.869375 0.455243 -0.271202
v -0.852283 0.473663 -0.257854
v -0.833971 0.475157 -0.293044
v -0.808333 0.466195 -0.286976
v -0.801008 0.464453 -0.342794
v -0.802229 0.438815 -0.284549
v -0.794904 0.436823 -0.340367
v -0.822983 0.420146 -0.289403
v -0.816879 0.418403 -0.337941
v -0.848621 0.429107 -0.296684
v -0.844958 0.427613 -0.335514
v -0.854725 0.456488 -0.297897
v -0.849842 0.455243 -0.337941
v -0.830308 0.464453 -0.242079
v -0.825425 0.436823 -0.240866
v -0.841296 0.418652 -0.254214
v -0.863271 0.427862 -0.268775
v -0.869375 0.455243 -0.271202
v -0.857167 0.432840 -0.205676
v -0.869375 0.414918 -0.223878
v -0.886467 0.424875 -0.243293
v -0.892571 0.452256 -0.245720
v -0.902338 0.409940 -0.202036
v -0.914546 0.420395 -0.226305
v -0.919429 0.448025 -0.227518
v -0.895013 0.426866 -0.180194
v -0.862050 0.460221 -0.208103
v -0.899896 0.454496 -0.182621
v 0.368555 0.443544 0.887627
v 0.357567 0.422884 0.888840
v 0.385647 0.435081 0.896121
v 0.378322 0.413176 0.898547
v 0.406401 0.427613 0.907041
v 0.397855 0.405957 0.909468
v 0.416168 0.399236 0.919176
v 0.421051 0.382808 0.902188
v 0.444247 0.374345 0.914322
v 0.433259 0.388782 0.882773
v 0.456455 0.380319 0.896121
v 0.440584 0.410936 0.880346
v 0.465001 0.402970 0.893694
v 0.435701 0.427364 0.897334
v 0.461339 0.419648 0.910682
v 0.423493 0.421390 0.916749
v 0.449130 0.413674 0.930097
v 0.401518 0.390027 0.892480
v 0.413726 0.395752 0.873065
v 0.422272 0.417656 0.870638
v 0.418609 0.433587 0.887627
v 0.406401 0.427613 0.907041
v 0.394192 0.402970 0.862144
v 0.402738 0.424875 0.859718
v 0.397855 0.441055 0.876706
v 0.385647 0.435081 0.896121
v 0.381984 0.434583 0.850010
v 0.380763 0.449269 0.868212
v 0.368555 0.443544 0.887627
v 0.369776 0.413923 0.851223
v 0.381984 0.396996 0.881559
v 0.357567 0.407949 0.869425
v -0.451848 0.288468 1.098764
v -0.442082 0.292699 1.080562
v -0.468940 0.292948 1.067215
v -0.854725 0.456488 -0.297897
v -0.849842 0.455243 -0.337941
v -0.827867 0.473414 -0.340367
v -0.912105 0.464951 -0.205676
v -0.902338 0.409940 -0.202036
v -0.914546 0.420395 -0.226305
v -0.919429 0.448025 -0.227518
v -0.935300 0.279756 -0.683769
v -0.924313 0.270297 -0.699543
v -0.919429 0.297429 -0.678915
v -0.904779 0.291206 -0.692263
v -0.904779 0.315102 -0.665567
v -0.886467 0.312364 -0.677702
v -0.873038 0.332029 -0.659500
v -0.866934 0.346964 -0.674061
v -0.854725 0.368371 -0.646152
v -0.881584 0.361899 -0.678915
v -0.869375 0.383306 -0.651006
v -0.901117 0.361899 -0.670421
v -0.888909 0.381563 -0.643726
v -0.906000 0.346964 -0.655860
v -0.896234 0.364886 -0.631591
v -0.891350 0.332029 -0.651006
v -0.881584 0.349951 -0.626738
v -0.884025 0.324561 -0.694690
v -0.897454 0.339745 -0.699543
v -0.914546 0.342483 -0.688623
v -0.918209 0.330037 -0.671635
v -0.904779 0.315102 -0.665567
v -0.918209 0.315102 -0.716532
v -0.932859 0.321325 -0.703184
v -0.932859 0.312364 -0.683769
v -0.919429 0.297429 -0.678915
v -0.952392 0.300167 -0.710464
v -0.949951 0.294691 -0.689836
v -0.935300 0.279756 -0.683769
v -0.940184 0.290708 -0.726239
v -0.903559 0.300167 -0.711678
v -0.926755 0.275773 -0.720172
v -0.435978 0.276520 1.068428
v -0.442082 0.292699 1.080562
v -0.439640 0.256108 1.074495
v -0.451848 0.288468 1.098764
v 0.926478 0.379074 -0.493260
v 0.947232 0.390524 -0.510248
v 0.900840 0.392765 -0.509035
v 0.915490 0.406953 -0.528449
v 0.869098 0.406455 -0.516315
v 0.878865 0.423133 -0.536944
v 0.841019 0.437321 -0.535730
v 0.832473 0.431596 -0.562426
v 0.782419 0.446033 -0.541797
v 0.822707 0.406206 -0.568493
v 0.772652 0.420643 -0.547864
v 0.821486 0.386293 -0.547864
v 0.778757 0.398490 -0.530876
v 0.831252 0.392018 -0.522382
v 0.795848 0.401726 -0.506608
v 0.841019 0.417407 -0.516315
v 0.805615 0.427364 -0.500541
v 0.878865 0.414420 -0.563639
v 0.869098 0.388782 -0.569706
v 0.859332 0.372104 -0.549078
v 0.859332 0.381065 -0.522382
v 0.869098 0.406455 -0.516315
v 0.910607 0.369864 -0.558785
v 0.895957 0.355676 -0.540584
v 0.891074 0.367126 -0.515102
v 0.900840 0.392765 -0.509035
v 0.927699 0.339496 -0.522382
v 0.916711 0.353436 -0.499327
v 0.926478 0.379074 -0.493260
v 0.947232 0.350946 -0.538157
v 0.920374 0.395503 -0.552718
v 0.956999 0.376585 -0.532090
v -0.862050 0.351693 -0.632805
v -0.881584 0.349951 -0.626738
v -0.891350 0.332029 -0.651006
v 0.798290 0.449518 -0.517529
v 0.805615 0.427364 -0.500541
v 0.841019 0.417407 -0.516315
v -0.545853 0.307386 1.029598
v -0.534865 0.275275 1.004116
v -0.521436 0.292699 1.006543
v -0.527540 0.308630 1.018677
v -0.539749 0.461466 -0.735946
v -0.540970 0.441304 -0.750508
v -0.567828 0.458230 -0.718958
v -0.573932 0.437819 -0.729879
v -0.599570 0.456986 -0.698330
v -0.605674 0.436823 -0.709251
v -0.633753 0.435579 -0.691049
v -0.628870 0.414918 -0.681342
v -0.666716 0.413425 -0.658287
v -0.616662 0.414420 -0.660714
v -0.653287 0.413176 -0.637658
v -0.609337 0.434832 -0.651006
v -0.648403 0.434085 -0.627951
v -0.614220 0.455492 -0.661927
v -0.654508 0.455492 -0.636445
v -0.626428 0.455741 -0.681342
v -0.666716 0.455741 -0.657073
v -0.599570 0.416163 -0.699543
v -0.587361 0.415914 -0.680129
v -0.581257 0.436076 -0.669208
v -0.587361 0.456737 -0.678915
v -0.599570 0.456986 -0.698330
v -0.555620 0.416661 -0.699543
v -0.548295 0.437072 -0.689836
v -0.554399 0.457732 -0.699543
v -0.567828 0.458230 -0.718958
v -0.515332 0.440557 -0.710464
v -0.527540 0.460968 -0.716532
v -0.539749 0.461466 -0.735946
v -0.516553 0.420395 -0.723812
v -0.567828 0.417159 -0.720172
v -0.529982 0.420892 -0.743227
v -0.924313 0.270297 -0.699543
v -0.952392 0.300167 -0.710464
v -0.949951 0.294691 -0.689836
v -0.935300 0.279756 -0.683769
v 0.440584 0.391022 0.932523
v 0.449130 0.413674 0.930097
v 0.423493 0.421390 0.916749
v 0.926478 0.379074 -0.493260
v 0.916711 0.353436 -0.499327
v 0.947232 0.390524 -0.510248
v 0.927699 0.339496 -0.522382
v -0.545853 0.443544 0.797833
v -0.553178 0.422884 0.788125
v -0.543411 0.435081 0.817247
v -0.549516 0.413176 0.811180
v -0.540970 0.427613 0.840303
v -0.548295 0.405957 0.834235
v -0.545853 0.399237 0.854864
v -0.529982 0.382808 0.848797
v -0.527540 0.374345 0.875492
v -0.506786 0.388782 0.848797
v -0.504344 0.380319 0.875492
v -0.500682 0.410936 0.853650
v -0.498240 0.402970 0.881559
v -0.516553 0.427364 0.858504
v -0.514111 0.419648 0.887627
v -0.539749 0.421390 0.859718
v -0.537307 0.413674 0.887627
v -0.531203 0.390027 0.828168
v -0.509228 0.395752 0.828168
v -0.501903 0.417656 0.834235
v -0.518995 0.433587 0.840303
v -0.540970 0.427613 0.840303
v -0.510449 0.402970 0.805113
v -0.504344 0.424875 0.811180
v -0.520215 0.441055 0.817247
v -0.543411 0.435081 0.817247
v -0.506786 0.434583 0.788125
v -0.522657 0.449269 0.797833
v -0.545853 0.443544 0.797833
v -0.514111 0.413923 0.778418
v -0.533645 0.396996 0.805113
v -0.537307 0.407949 0.778418
v 0.368555 0.443544 0.887627
v 0.380763 0.449269 0.868212
v 0.357567 0.422884 0.888840
v 0.381984 0.434583 0.850010
v -0.539749 0.461466 -0.735946
v -0.527540 0.460968 -0.716532
v -0.540970 0.441304 -0.750508
v -0.515332 0.440557 -0.710464
v -0.654508 0.455492 -0.636445
v -0.666716 0.455741 -0.657073
v -0.648403 0.434085 -0.627951
v -0.672820 0.434832 -0.666781
v 0.795848 0.401726 -0.506608
v 0.805615 0.427364 -0.500541
v 0.778757 0.398490 -0.530876
v 0.798290 0.449518 -0.517529
v -0.626428 0.455741 -0.681342
v -0.666716 0.455741 -0.657073
v -0.672820 0.434832 -0.666781
v 0.465001 0.402970 0.893694
v 0.440584 0.391022 0.932523
v 0.449130 0.413674 0.930097
v 0.461339 0.419648 0.910682
v -0.291919 0.378576 -0.426521
v -0.272385 0.396249 -0.437442
v -0.318777 0.394258 -0.438655
v -0.304127 0.414918 -0.450790
v -0.350519 0.407202 -0.443509
v -0.341973 0.430102 -0.456857
v -0.381040 0.440059 -0.454430
v -0.388365 0.442050 -0.481126
v -0.440861 0.445037 -0.460497
v -0.395690 0.418901 -0.495687
v -0.448186 0.422137 -0.475058
v -0.394469 0.394009 -0.483552
v -0.439640 0.396249 -0.465351
v -0.387144 0.392018 -0.455643
v -0.423769 0.393511 -0.441082
v -0.381040 0.414918 -0.441082
v -0.417665 0.416661 -0.426521
v -0.340752 0.430102 -0.485979
v -0.348077 0.406953 -0.499327
v -0.356623 0.384053 -0.485979
v -0.357844 0.384053 -0.458070
v -0.350519 0.407202 -0.443509
v -0.304127 0.389280 -0.492046
v -0.318777 0.368620 -0.479912
v -0.326102 0.371109 -0.452003
v -0.318777 0.394258 -0.438655
v -0.287035 0.350200 -0.465351
v -0.299244 0.355427 -0.439869
v -0.291919 0.378576 -0.426521
v -0.266281 0.367873 -0.476272
v -0.296802 0.412180 -0.478699
v -0.260177 0.391022 -0.461711
v -0.514111 0.419648 0.887627
v -0.537307 0.413674 0.887627
v -0.498240 0.402970 0.881559
v -0.543411 0.391022 0.881559
v -0.545853 0.443544 0.797833
v -0.522657 0.449269 0.797833
v -0.553178 0.422884 0.788125
v -0.506786 0.434583 0.788125
v -0.844958 0.427613 -0.335514
v -0.849842 0.455243 -0.337941
v -0.816879 0.418403 -0.337941
v -0.827867 0.473414 -0.340367
v -0.543411 0.391022 0.881559
v -0.537307 0.413674 0.887627
v -0.539749 0.421390 0.859718
v -0.888909 0.381563 -0.643726
v -0.862050 0.351693 -0.632805
v -0.881584 0.349951 -0.626738
v -0.896234 0.364886 -0.631591
v 1.155996 0.275524 0.131658
v 1.176750 0.281996 0.137725
v 1.155996 0.285730 0.108603
v 1.175529 0.294442 0.109816
v 1.148670 0.296931 0.086761
v 1.166983 0.307634 0.083121
v 1.154775 0.319583 0.060065
v 1.170646 0.311368 0.047931
v 1.154775 0.325308 0.022449
v 1.168204 0.292450 0.039437
v 1.152333 0.306141 0.013955
v 1.149891 0.281498 0.043077
v 1.134020 0.294691 0.018809
v 1.135241 0.289712 0.055212
v 1.119370 0.302407 0.032156
v 1.137683 0.308630 0.063706
v 1.121812 0.321574 0.040650
v 1.182854 0.299171 0.072200
v 1.180412 0.280005 0.063706
v 1.162100 0.269550 0.066133
v 1.146229 0.278013 0.078267
v 1.148670 0.296931 0.086761
v 1.190179 0.264572 0.094042
v 1.170646 0.256108 0.092828
v 1.153554 0.266812 0.100109
v 1.155996 0.285730 0.108603
v 1.170646 0.243662 0.119524
v 1.153554 0.256357 0.123164
v 1.155996 0.275524 0.131658
v 1.191400 0.250134 0.125591
v 1.192621 0.283738 0.102536
v 1.193841 0.269301 0.134085
v -0.423769 0.393511 -0.441082
v -0.417665 0.416661 -0.426521
v -0.439640 0.396249 -0.465351
v -0.424990 0.442548 -0.436229
v -0.291919 0.378576 -0.426521
v -0.299244 0.355427 -0.439869
v -0.272385 0.396249 -0.437442
v -0.287035 0.350200 -0.465351
v -0.381040 0.414918 -0.441082
v -0.417665 0.416661 -0.426521
v -0.424990 0.442548 -0.436229
v -0.033101 0.420644 0.988341
v -0.024555 0.434583 1.012610
v -0.008684 0.430849 0.968927
v 0.003524 0.446780 0.987128
v 0.009628 0.440806 0.941018
v 0.026720 0.458479 0.955579
v 0.038929 0.467938 0.917962
v 0.067008 0.461217 0.920389
v 0.065787 0.469183 0.864571
v 0.074333 0.434583 0.915535
v 0.073112 0.442548 0.859718
v 0.054799 0.414669 0.910682
v 0.053579 0.421390 0.863358
v 0.027941 0.421390 0.909468
v 0.026720 0.426866 0.869425
v 0.019395 0.448024 0.913109
v 0.018174 0.453501 0.874279
v 0.051137 0.449767 0.965286
v 0.058462 0.423133 0.961646
v 0.042591 0.405211 0.947085
v 0.018174 0.414172 0.937377
v 0.009628 0.440806 0.941018
v 0.032824 0.409691 0.999262
v 0.019395 0.393760 0.979847
v -0.001359 0.404464 0.964073
v -0.008684 0.430849 0.968927
v -0.008684 0.381314 1.004116
v -0.025776 0.394009 0.984701
v -0.033101 0.420644 0.988341
v -0.000138 0.395254 1.027171
v 0.025499 0.436076 1.002903
v -0.007463 0.421888 1.032025
v 0.808057 0.420643 0.562427
v 0.832473 0.434583 0.568494
v 0.804394 0.430849 0.530877
v 0.827590 0.446780 0.530877
v 0.792186 0.440806 0.500541
v 0.812940 0.458479 0.494474
v 0.788523 0.467938 0.462925
v 0.805615 0.461217 0.441083
v 0.758002 0.469183 0.411961
v 0.805615 0.434583 0.432589
v 0.759223 0.442548 0.402253
v 0.790965 0.414669 0.445937
v 0.750677 0.421390 0.420455
v 0.775094 0.421390 0.467779
v 0.740911 0.426866 0.447150
v 0.773873 0.448024 0.476273
v 0.739690 0.453501 0.456858
v 0.834915 0.449767 0.478700
v 0.836136 0.423133 0.470206
v 0.815382 0.405211 0.476273
v 0.793407 0.414172 0.492047
v 0.792186 0.440806 0.500541
v 0.853228 0.409691 0.512676
v 0.830032 0.393760 0.512676
v 0.805615 0.404464 0.522383
v 0.804394 0.430849 0.530877
v 0.834915 0.381314 0.550292
v 0.809277 0.394009 0.553933
v 0.808057 0.420643 0.562427
v 0.859332 0.395254 0.556359
v 0.852007 0.436076 0.521170
v 0.858111 0.421888 0.564853
v -1.108659 0.262331 -0.370703
v -1.090347 0.272039 -0.364636
v -1.115985 0.263576 -0.350075
v -1.097672 0.273533 -0.344008
v -1.102555 0.273284 -0.329447
v -1.101334 0.294442 -0.330660
v -1.108659 0.273533 -0.312458
v -1.107439 0.294691 -0.313672
v -1.112322 0.272039 -0.297897
v -1.112322 0.293197 -0.295470
v -1.090347 0.293695 -0.364636
v -1.096451 0.294442 -0.345221
v -1.118426 0.305643 -0.336727
v -1.124530 0.306141 -0.319739
v -1.129414 0.304399 -0.299111
v -1.107439 0.305643 -0.371917
v -1.113543 0.305892 -0.352502
v -1.136739 0.295935 -0.342794
v -1.141622 0.296184 -0.325806
v -1.147726 0.294442 -0.305178
v -1.147726 0.273284 -0.307605
v -1.124530 0.295687 -0.376770
v -1.130635 0.295935 -0.357355
v -1.136739 0.274777 -0.341581
v -1.142843 0.275026 -0.324593
v -1.147726 0.273284 -0.307605
v -1.125751 0.263576 -0.318526
v -1.130635 0.262083 -0.303964
v -1.120868 0.263576 -0.335514
v -1.131855 0.274777 -0.357355
v -1.125751 0.274031 -0.376770
v -1.108659 0.262331 -0.370703
v -1.115985 0.263576 -0.350075
v -1.130635 0.262083 -0.303964
v -1.112322 0.272039 -0.297897
v -1.112322 0.293197 -0.295470
v -0.033101 0.420644 0.988341
v -0.025776 0.394009 0.984701
v -0.024555 0.434583 1.012610
v -0.008684 0.381314 1.004116
v -1.130635 0.262083 -0.303964
v -1.125751 0.263576 -0.318526
v -1.120868 0.263576 -0.335514
v 0.026720 0.426866 0.869425
v 0.018174 0.453501 0.874279
v 0.053579 0.421390 0.863358
v 0.037708 0.474659 0.870638
v -1.141622 0.275524 0.278483
v -1.161156 0.281996 0.279697
v -1.133076 0.285730 0.299112
v -1.151389 0.294442 0.305179
v -1.118426 0.296931 0.318527
v -1.134297 0.307635 0.327021
v -1.115985 0.319583 0.344009
v -1.125751 0.311368 0.360997
v -1.101334 0.325308 0.379198
v -1.119647 0.292451 0.368277
v -1.096451 0.306141 0.386479
v -1.104997 0.281498 0.358570
v -1.080580 0.294691 0.376771
v -1.094009 0.289712 0.342795
v -1.070813 0.302407 0.358570
v -1.100114 0.308630 0.335515
v -1.076918 0.321574 0.351289
v -1.145285 0.299171 0.344009
v -1.139180 0.280005 0.350076
v -1.123309 0.269550 0.341582
v -1.113543 0.278013 0.325807
v -1.118426 0.296931 0.318527
v -1.158714 0.264572 0.324594
v -1.140401 0.256109 0.319740
v -1.126972 0.266812 0.306392
v -1.133076 0.285730 0.299112
v -1.150168 0.243663 0.294258
v -1.135518 0.256357 0.285764
v -1.141622 0.275524 0.278483
v -1.170922 0.250134 0.295471
v -1.164818 0.283738 0.317313
v -1.177026 0.269301 0.288191
v -1.141622 0.275524 0.278483
v -1.135518 0.256357 0.285764
v -1.161156 0.281996 0.279697
v -1.150168 0.243663 0.294258
v -1.070813 0.302407 0.358570
v -1.076918 0.321574 0.351289
v -1.080580 0.294691 0.376771
v -1.091568 0.333024 0.362210
v -1.091568 0.333024 0.362210
v -1.076918 0.321574 0.351289
v -1.100114 0.308630 0.335515
v 1.119370 0.302407 0.032156
v 1.121812 0.321574 0.040650
v 1.134020 0.294691 0.018809
v 1.138904 0.333024 0.035797
v 1.138904 0.333024 0.035797
v 1.121812 0.321574 0.040650
v 1.137683 0.308630 0.063706
v -0.705783 0.467440 0.035797
v -0.714329 0.448522 0.024876
v -0.720433 0.466942 0.050358
v -0.732641 0.448025 0.041864
v -0.738745 0.468934 0.067346
v -0.749733 0.450016 0.058852
v -0.765604 0.451509 0.073413
v -0.760721 0.429853 0.081907
v -0.781475 0.432094 0.101322
v -0.744850 0.427115 0.098895
v -0.764383 0.429356 0.118310
v -0.732641 0.446033 0.107389
v -0.753395 0.449020 0.126804
v -0.737525 0.467440 0.097682
v -0.758279 0.471174 0.118310
v -0.753395 0.470178 0.080694
v -0.774150 0.473912 0.101322
v -0.744850 0.428609 0.066133
v -0.728979 0.425871 0.083121
v -0.717991 0.444540 0.092828
v -0.722875 0.466195 0.084334
v -0.738745 0.468934 0.067346
v -0.711887 0.423630 0.067346
v -0.699679 0.442548 0.075840
v -0.704562 0.464204 0.067346
v -0.720433 0.466942 0.050358
v -0.682587 0.442797 0.058852
v -0.689912 0.464702 0.052785
v -0.705783 0.467440 0.035797
v -0.689912 0.423879 0.046718
v -0.727758 0.426369 0.050358
v -0.707004 0.426618 0.029730
v 0.019395 0.448024 0.913109
v 0.018174 0.453501 0.874279
v 0.037708 0.474659 0.870638
v 0.748236 0.474659 0.438656
v 0.739690 0.453501 0.456858
v 0.773873 0.448024 0.476273
v 0.808057 0.420643 0.562427
v 0.809277 0.394009 0.553933
v 0.832473 0.434583 0.568494
v 0.834915 0.381314 0.550292
v -0.171056 0.279756 1.142447
v -0.190589 0.270297 1.140021
v -0.174718 0.297429 1.125459
v -0.193031 0.291206 1.119392
v -0.169835 0.315102 1.107258
v -0.188147 0.312364 1.096337
v -0.179602 0.332029 1.075709
v -0.194252 0.346964 1.078135
v -0.175939 0.368371 1.053867
v -0.193031 0.361899 1.092697
v -0.173497 0.383306 1.068428
v -0.175939 0.361899 1.104831
v -0.157626 0.381563 1.082989
v -0.161289 0.346964 1.103617
v -0.142976 0.364886 1.082989
v -0.162510 0.332029 1.089056
v -0.145418 0.349951 1.068428
v -0.205239 0.324561 1.102404
v -0.202797 0.339745 1.116965
v -0.184485 0.342483 1.126673
v -0.168614 0.330037 1.121819
v -0.169835 0.315102 1.107258
v -0.208902 0.315102 1.142447
v -0.189368 0.321325 1.148515
v -0.172276 0.312364 1.140021
v -0.174718 0.297429 1.125459
v -0.186927 0.300167 1.169143
v -0.169835 0.294691 1.157009
v -0.171056 0.279756 1.142447
v -0.205239 0.290708 1.166716
v -0.211343 0.300167 1.127886
v -0.207681 0.275773 1.152155
v -0.786358 0.454496 0.092828
v -0.774150 0.473912 0.101322
v -0.753395 0.470178 0.080694
v -0.758279 0.471174 0.118310
v -0.774150 0.473912 0.101322
v -0.753395 0.449020 0.126804
v -0.786358 0.454496 0.092828
v -0.714329 0.448522 0.024876
v -0.682587 0.442797 0.058852
v -0.689912 0.464702 0.052785
v -0.705783 0.467440 0.035797
v -1.090347 0.272039 -0.364636
v -1.108659 0.262331 -0.370703
v -1.090347 0.293695 -0.364636
v -1.125751 0.274031 -0.376770
v -0.161289 0.351693 1.053867
v -0.145418 0.349951 1.068428
v -0.162510 0.332029 1.089056
v -0.171056 0.279756 1.142447
v -0.169835 0.294691 1.157009
v -0.190589 0.270297 1.140021
v -0.186927 0.300167 1.169143
v -0.768046 0.420644 0.629165
v -0.780254 0.434583 0.651007
v -0.737525 0.430849 0.634019
v -0.743629 0.446780 0.657074
v -0.704562 0.440806 0.630379
v -0.704562 0.458479 0.652221
v -0.667937 0.467938 0.637659
v -0.650845 0.461217 0.659501
v -0.609337 0.469183 0.621885
v -0.642299 0.434583 0.663141
v -0.600791 0.442548 0.625525
v -0.650845 0.414669 0.644940
v -0.616662 0.421390 0.612177
v -0.667937 0.421390 0.623098
v -0.639858 0.426866 0.596403
v -0.676483 0.448025 0.619458
v -0.647183 0.453501 0.592762
v -0.694795 0.449767 0.677703
v -0.687470 0.423133 0.681343
v -0.687470 0.405211 0.659501
v -0.696016 0.414172 0.634019
v -0.704562 0.440806 0.630379
v -0.732641 0.409691 0.686197
v -0.726537 0.393760 0.663141
v -0.728979 0.404464 0.637659
v -0.737525 0.430849 0.634019
v -0.764383 0.381314 0.658288
v -0.760721 0.394009 0.632806
v -0.768046 0.420644 0.629165
v -0.775371 0.395254 0.680129
v -0.741187 0.436076 0.682556
v -0.783916 0.421888 0.676489
v -0.142976 0.364886 1.082989
v -0.145418 0.349951 1.068428
v -0.157626 0.381563 1.082989
v -0.161289 0.351693 1.053867
v 1.033912 0.351693 -0.229945
v 1.042458 0.349951 -0.250573
v 1.068095 0.332028 -0.240866
v -0.768046 0.420644 0.629165
v -0.760721 0.394009 0.632806
v -0.780254 0.434583 0.651007
v -0.764383 0.381314 0.658288
v -0.639858 0.426866 0.596403
v -0.647183 0.453501 0.592762
v -0.616662 0.421390 0.612177
v -0.632533 0.474659 0.606110
v -0.632533 0.474659 0.606110
v -0.647183 0.453501 0.592762
v -0.676483 0.448025 0.619458
v 0.740911 0.426866 0.447150
v 0.739690 0.453501 0.456858
v 0.750677 0.421390 0.420455
v 0.748236 0.474659 0.438656
v 1.176750 0.281996 0.137725
v 1.170646 0.243662 0.119524
v 1.153554 0.256357 0.123164
v 1.155996 0.275524 0.131658
v 0.583422 0.413674 -0.851223
v 0.561447 0.419648 -0.852436
v 0.584643 0.421390 -0.822100
v 0.561447 0.427364 -0.823314
v 0.562668 0.433587 -0.803899
v 0.545576 0.417656 -0.799045
v 0.562668 0.441055 -0.780843
v 0.545576 0.424875 -0.775990
v 0.563889 0.449269 -0.761429
v 0.546797 0.434583 -0.752935
v 0.544356 0.402970 -0.847582
v 0.544356 0.410936 -0.819673
v 0.551681 0.395752 -0.792978
v 0.551681 0.402970 -0.769923
v 0.554122 0.413923 -0.743227
v 0.550460 0.380319 -0.840302
v 0.551681 0.388782 -0.813606
v 0.574877 0.390027 -0.791764
v 0.574877 0.396996 -0.768709
v 0.576097 0.407949 -0.742014
v 0.593189 0.422884 -0.750508
v 0.573656 0.374345 -0.839088
v 0.573656 0.382808 -0.812393
v 0.590747 0.405957 -0.796618
v 0.591968 0.413176 -0.773563
v 0.593189 0.422884 -0.750508
v 0.585864 0.435081 -0.779630
v 0.587085 0.443544 -0.760215
v 0.584643 0.427613 -0.802685
v 0.590747 0.399236 -0.817246
v 0.589527 0.391022 -0.843942
v 0.583422 0.413674 -0.851223
v 0.584643 0.421390 -0.822100
v 0.584643 0.427613 -0.802685
v 0.585864 0.435081 -0.779630
v 0.587085 0.443544 -0.760215
v 0.544356 0.402970 -0.847582
v 0.589527 0.391022 -0.843942
v 0.583422 0.413674 -0.851223
v 0.561447 0.419648 -0.852436
v 0.546797 0.434583 -0.752935
v 0.563889 0.449269 -0.761429
v 0.245250 0.296931 1.115752
v 0.248913 0.309377 1.132740
v 0.239146 0.286228 1.125459
v 0.241588 0.296433 1.143661
v 0.233042 0.272039 1.135167
v 0.235483 0.282494 1.153368
v 0.230600 0.270297 1.160649
v 0.214729 0.281249 1.170356
v 0.207404 0.265318 1.180064
v 0.196417 0.282245 1.159435
v 0.189092 0.266314 1.170356
v 0.193975 0.272537 1.141234
v 0.186650 0.255611 1.152155
v 0.209846 0.261585 1.132740
v 0.202521 0.243663 1.143661
v 0.228158 0.260589 1.142447
v 0.220833 0.242418 1.153368
v 0.219613 0.293944 1.160649
v 0.201300 0.294940 1.150941
v 0.198858 0.284485 1.132740
v 0.214729 0.273035 1.124246
v 0.233042 0.272039 1.135167
v 0.207404 0.308879 1.141234
v 0.204963 0.298673 1.123032
v 0.220833 0.287223 1.115752
v 0.239146 0.286228 1.125459
v 0.211067 0.311617 1.112112
v 0.225717 0.297927 1.106044
v 0.245250 0.296931 1.115752
v 0.214729 0.324063 1.129100
v 0.225717 0.307883 1.152155
v 0.233042 0.323067 1.138807
v -0.146639 0.257602 -1.161861
v -0.121001 0.242667 -1.175209
v -0.123443 0.255611 -1.192197
v -0.442082 0.419897 0.358570
v -0.454290 0.399983 0.363424
v -0.426211 0.421888 0.387692
v -0.435978 0.402721 0.397400
v -0.406677 0.426866 0.421668
v -0.417665 0.407700 0.430162
v -0.401794 0.411682 0.459285
v -0.390807 0.390773 0.458071
v -0.370052 0.396249 0.495688
v -0.370052 0.388782 0.447150
v -0.349298 0.394258 0.484767
v -0.360286 0.407700 0.436230
v -0.338310 0.414172 0.476273
v -0.371273 0.428609 0.437443
v -0.348077 0.436076 0.478700
v -0.392027 0.430600 0.448364
v -0.368831 0.438068 0.489621
v -0.407898 0.386542 0.427736
v -0.387144 0.384550 0.416815
v -0.376156 0.403717 0.408321
v -0.385923 0.424875 0.409534
v -0.406677 0.426866 0.421668
v -0.405457 0.379572 0.384052
v -0.394469 0.398490 0.374344
v -0.405457 0.419897 0.376771
v -0.426211 0.421888 0.387692
v -0.414002 0.395752 0.340368
v -0.421327 0.417905 0.347649
v -0.442082 0.419897 0.358570
v -0.427432 0.375838 0.344009
v -0.426211 0.381563 0.394973
v -0.446965 0.378078 0.356143
v 0.245250 0.296931 1.115752
v 0.225717 0.297927 1.106044
v 0.248913 0.309377 1.132740
v 0.211067 0.311617 1.112112
v 0.202521 0.243663 1.143661
v 0.220833 0.242418 1.153368
v 0.186650 0.255611 1.152155
v 0.223275 0.253370 1.171570
v -0.348077 0.436076 0.478700
v -0.368831 0.438068 0.489621
v -0.338310 0.414172 0.476273
v -0.379819 0.418403 0.498115
v -0.379819 0.418403 0.498115
v -0.368831 0.438068 0.489621
v -0.392027 0.430600 0.448364
v -0.442082 0.419897 0.358570
v -0.421327 0.417905 0.347649
v -0.454290 0.399983 0.363424
v -0.414002 0.395752 0.340368
v 0.483314 0.385795 0.103749
v 0.493080 0.366628 0.113456
v 0.501626 0.391769 0.095255
v 0.515055 0.374096 0.102536
v 0.521160 0.401228 0.084334
v 0.534589 0.383555 0.092828
v 0.551681 0.391520 0.084334
v 0.556564 0.372353 0.069773
v 0.578539 0.383057 0.058852
v 0.545576 0.370611 0.049145
v 0.568772 0.381314 0.037010
v 0.532147 0.388035 0.041864
v 0.555343 0.399983 0.029730
v 0.528485 0.407202 0.055212
v 0.552901 0.420146 0.041864
v 0.538251 0.408944 0.075840
v 0.562668 0.421888 0.063706
v 0.538251 0.364139 0.079480
v 0.527264 0.362397 0.058852
v 0.515055 0.380319 0.050358
v 0.511393 0.399734 0.063706
v 0.521160 0.401228 0.084334
v 0.507730 0.352938 0.068559
v 0.494301 0.370860 0.060065
v 0.491860 0.390275 0.073413
v 0.501626 0.391769 0.095255
v 0.473547 0.363392 0.070986
v 0.473547 0.384301 0.081907
v 0.483314 0.385795 0.103749
v 0.483314 0.343977 0.080694
v 0.518718 0.354680 0.089188
v 0.493080 0.345719 0.102536
v 0.228158 0.260589 1.142447
v 0.220833 0.242418 1.153368
v 0.223275 0.253370 1.171570
v 0.493080 0.366628 0.113456
v 0.473547 0.363392 0.070986
v 0.473547 0.384301 0.081907
v 0.483314 0.385795 0.103749
v 0.538251 0.408944 0.075840
v 0.562668 0.421888 0.063706
v 0.576097 0.403219 0.072200
v 0.861773 0.279756 0.762643
v 0.849565 0.270297 0.777204
v 0.845903 0.297429 0.755362
v 0.830032 0.291206 0.767497
v 0.832473 0.315102 0.742015
v 0.814161 0.312364 0.751722
v 0.801952 0.332029 0.732307
v 0.794627 0.346964 0.746868
v 0.784861 0.368371 0.716532
v 0.808057 0.361899 0.752935
v 0.798290 0.383306 0.722600
v 0.828811 0.361899 0.745655
v 0.819044 0.381563 0.717746
v 0.834915 0.346964 0.732307
v 0.827590 0.364886 0.705612
v 0.821486 0.332029 0.725027
v 0.814161 0.349951 0.699544
v 0.809277 0.324561 0.768710
v 0.822707 0.339745 0.774777
v 0.841019 0.342483 0.763856
v 0.845903 0.330037 0.748082
v 0.832473 0.315102 0.742015
v 0.841019 0.315102 0.792979
v 0.856890 0.321325 0.780844
v 0.859332 0.312364 0.761429
v 0.845903 0.297429 0.755362
v 0.876424 0.300167 0.789338
v 0.875203 0.294691 0.768710
v 0.861773 0.279756 0.762643
v 0.862994 0.290708 0.803900
v 0.827590 0.300167 0.786912
v 0.849565 0.275773 0.797833
v 0.827590 0.364886 0.705612
v 0.814161 0.349951 0.699544
v 0.819044 0.381563 0.717746
v 0.792186 0.351693 0.705612
v 0.599293 0.275524 -1.000475
v 0.612723 0.281996 -1.016249
v 0.578539 0.285730 -1.010182
v 0.588306 0.294442 -1.027170
v 0.555343 0.296931 -1.012609
v 0.560226 0.307634 -1.030811
v 0.534589 0.319583 -1.029597
v 0.529706 0.311368 -1.047799
v 0.500405 0.325308 -1.044158
v 0.521160 0.292451 -1.049012
v 0.490639 0.306141 -1.045372
v 0.516276 0.281498 -1.032024
v 0.488197 0.294691 -1.027170
v 0.521160 0.289712 -1.012609
v 0.493080 0.302407 -1.007755
v 0.530926 0.308630 -1.011396
v 0.502847 0.321574 -1.006542
v 0.556564 0.299171 -1.049012
v 0.546797 0.280005 -1.050226
v 0.543135 0.269550 -1.033237
v 0.546797 0.278013 -1.013823
v 0.555343 0.296931 -1.012609
v 0.579760 0.264572 -1.046585
v 0.569993 0.256108 -1.029597
v 0.569993 0.266812 -1.011396
v 0.578539 0.285730 -1.010182
v 0.595631 0.243663 -1.018676
v 0.590747 0.256357 -1.001688
v 0.599293 0.275524 -1.000475
v 0.609060 0.250134 -1.034451
v 0.588306 0.283738 -1.045372
v 0.617606 0.269301 -1.033237
v 0.792186 0.351693 0.705612
v 0.814161 0.349951 0.699544
v 0.821486 0.332029 0.725027
v 0.832473 0.473912 0.006674
v 0.809277 0.473165 0.003034
v 0.798290 0.452256 0.007888
v 0.555343 0.399983 0.029730
v 0.576097 0.403219 0.072200
v 0.562668 0.421888 0.063706
v 0.552901 0.420146 0.041864
v 0.861773 0.279756 0.762643
v 0.875203 0.294691 0.768710
v 0.849565 0.270297 0.777204
v 0.876424 0.300167 0.789338
v 0.599293 0.275524 -1.000475
v 0.590747 0.256357 -1.001688
v 0.612723 0.281996 -1.016249
v 0.595631 0.243663 -1.018676
v 0.493080 0.302407 -1.007755
v 0.502847 0.321574 -1.006542
v 0.488197 0.294691 -1.027170
v 0.505289 0.333024 -1.024743
v 0.530926 0.308630 -1.011396
v 0.502847 0.321574 -1.006542
v 0.505289 0.333024 -1.024743
v -0.912105 0.364886 0.608537
v -0.902338 0.349951 0.597616
v -0.920650 0.381563 0.597616
v -0.901117 0.351693 0.575774
v -0.910884 0.368371 0.564853
v -0.920650 0.383306 0.575774
v -0.951171 0.361899 0.578201
v -0.949951 0.361899 0.598830
v -0.976809 0.339745 0.585482
v -0.971926 0.342483 0.606110
v -0.991459 0.321325 0.617031
v -0.973146 0.312364 0.624312
v -0.985355 0.294691 0.637659
v -0.975588 0.279756 0.626738
v -0.963380 0.297429 0.613391
v -0.957275 0.330037 0.614604
v -0.938963 0.346964 0.608537
v -0.920650 0.381563 0.597616
v -0.947509 0.315102 0.603683
v -0.929196 0.332029 0.597616
v -0.912105 0.364886 0.608537
v -0.975588 0.279756 0.626738
v -0.985355 0.294691 0.637659
v -0.985355 0.270297 0.609750
v -1.004888 0.300167 0.632806
v -1.015876 0.290708 0.617031
v -1.006109 0.275773 0.604897
v -0.989017 0.300167 0.586695
v -0.985355 0.270297 0.609750
v -0.971926 0.291206 0.593976
v -0.963380 0.297429 0.613391
v -0.947509 0.315102 0.603683
v -0.952392 0.312364 0.583055
v -0.967042 0.324561 0.574561
v -1.000005 0.315102 0.598830
v -0.941405 0.346964 0.566067
v -0.930417 0.332029 0.576988
v -0.929196 0.332029 0.597616
v -0.901117 0.351693 0.575774
v -0.902338 0.349951 0.597616
v -1.004888 0.300167 0.632806
v 0.257459 0.045524 -1.164288
v 0.156129 0.037060 -1.183703
v 0.264784 0.056476 -1.197051
v 0.161012 0.048013 -1.217679
v 0.163454 0.077136 -1.235881
v 0.073112 0.082612 -1.222533
v 0.075554 0.108251 -1.241948
v -0.025776 0.131649 -1.239521
v 0.075554 0.160773 -1.233454
v -0.024555 0.174463 -1.233454
v -0.025776 0.233706 -1.198264
v -0.166172 0.157039 -1.224960
v -0.161289 0.231217 -1.184917
v -0.313894 0.225740 -1.155794
v -0.151522 0.314106 -1.114537
v -0.296802 0.314106 -1.085415
v -0.272385 0.387537 -0.994408
v -0.435978 0.314106 -1.038091
v -0.399352 0.387537 -0.950724
v -0.520215 0.387537 -0.891266
v -0.330985 0.445535 -0.786911
v -0.431094 0.445535 -0.738373
v -0.345636 0.434832 -0.590335
v -0.523878 0.445535 -0.676488
v -0.420107 0.434832 -0.540584
v -0.487253 0.434832 -0.481126
v -0.361506 0.358912 -0.356142
v -0.545853 0.434832 -0.414387
v -0.404236 0.358912 -0.306391
v -0.440861 0.358912 -0.251787
v -0.365169 0.302407 -0.206890
v -0.470161 0.358912 -0.192329
v -0.389586 0.298425 -0.158352
v -0.406677 0.291455 -0.106175
v -0.392027 0.232710 -0.103748
v -0.416444 0.283489 -0.053997
v -0.403015 0.219269 -0.051570
v -0.405457 0.212050 0.000607
v -0.417665 0.192136 -0.055211
v -0.421327 0.184420 0.000607
v -0.450628 0.166249 0.000607
v -0.417665 0.192136 0.055212
v -0.445744 0.173219 0.061279
v -0.432315 0.185914 0.119524
v -0.445744 0.173219 -0.061278
v -0.432315 0.185914 -0.119523
v -0.405457 0.206325 -0.109815
v -0.387144 0.218273 -0.160779
v -0.376156 0.243911 -0.153499
v -0.352961 0.250881 -0.200823
v -0.334648 0.302158 -0.253000
v -0.299244 0.299171 -0.294257
v -0.311452 0.358912 -0.399826
v -0.256514 0.358912 -0.436229
v -0.266281 0.434832 -0.629164
v -0.182043 0.434832 -0.658287
v -0.225993 0.445535 -0.823314
v -0.116118 0.445535 -0.845155
v -0.139314 0.387537 -1.021103
v 0.002303 0.382061 -1.045372
v -0.028218 0.306888 -1.133952
v 0.047474 0.284983 -1.155794
v 0.067008 0.224994 -1.203118
v 0.151246 0.236444 -1.181276
v 0.159792 0.142851 -1.224960
v 0.252575 0.147082 -1.210399
v 0.266004 0.084604 -1.216466
v 0.377101 0.111736 -1.181276
v 0.377101 0.087342 -1.160648
v 0.486976 0.119203 -1.106043
v 0.366113 0.076141 -1.129099
v 0.473547 0.108749 -1.075708
v -0.411561 0.196368 -0.172914
v -0.385923 0.202591 -0.223878
v -0.362727 0.225492 -0.208103
v -0.333427 0.224994 -0.253000
v -0.323660 0.250383 -0.244506
v -0.288256 0.245654 -0.283336
v -0.257735 0.295686 -0.329447
v -0.212564 0.290957 -0.359782
v -0.197914 0.358663 -0.464138
v -0.135651 0.358663 -0.485979
v -0.094143 0.434832 -0.675275
v -0.005022 0.434832 -0.681342
v -0.005022 0.445535 -0.852436
v 0.106075 0.445535 -0.845155
v 0.128050 0.395005 -1.013823
v 0.137816 0.343230 -1.085415
v 0.257459 0.382061 -1.011396
v 0.200079 0.314106 -1.107257
v 0.242808 0.284983 -1.130312
v 0.239146 0.221260 -1.180063
v 0.330709 0.230719 -1.150940
v 0.357567 0.162515 -1.180063
v 0.479651 0.178197 -1.127885
v 0.491860 0.139366 -1.126672
v 0.606618 0.155297 -1.068427
v 0.573656 0.135881 -1.057506
v 0.613943 0.120946 -1.041731
v 0.556564 0.125924 -1.028384
v 0.594410 0.110491 -1.013823
v -0.355402 0.202591 -0.269988
v -0.319998 0.199106 -0.312458
v -0.299244 0.220513 -0.293044
v -0.258956 0.214788 -0.329447
v -0.249189 0.239680 -0.318526
v -0.205239 0.232212 -0.347648
v -0.163731 0.284983 -0.382838
v -0.112455 0.281498 -0.399826
v -0.070947 0.358663 -0.498114
v -0.005022 0.358663 -0.502967
v 0.084100 0.434832 -0.675275
v 0.170779 0.434832 -0.658287
v 0.214729 0.445535 -0.823314
v 0.320942 0.445535 -0.786911
v 0.388088 0.387537 -0.950724
v 0.424713 0.313857 -1.039305
v 0.524822 0.382061 -0.900973
v 0.541914 0.306639 -0.994408
v 0.618827 0.284983 -0.974993
v 0.576097 0.237191 -1.046585
v 0.657894 0.232710 -1.002902
v 0.678648 0.192136 -1.016249
v 0.720156 0.243911 -0.943443
v 0.745794 0.187905 -0.968926
v 0.810498 0.178944 -0.924029
v 0.754340 0.150318 -0.973779
v 0.816602 0.140361 -0.926455
v 0.804394 0.120199 -0.910681
v 0.883749 0.114474 -0.883985
v 0.853228 0.096054 -0.879132
v 0.878865 0.067926 -0.860930
v 0.828811 0.086346 -0.856076
v 0.852007 0.060459 -0.839088
v -0.277269 0.194875 -0.351288
v -0.230877 0.188403 -0.385264
v -0.213785 0.207072 -0.359782
v -0.164951 0.195870 -0.384051
v -0.158847 0.221758 -0.370703
v -0.108793 0.216033 -0.386478
v -0.059959 0.284983 -0.410747
v -0.006242 0.290957 -0.414387
v 0.059683 0.358663 -0.499327
v 0.124387 0.358912 -0.485979
v 0.255017 0.434832 -0.629164
v 0.335592 0.434832 -0.590335
v 0.421051 0.445535 -0.738373
v 0.513835 0.445535 -0.676488
v 0.616385 0.395005 -0.811179
v 0.661556 0.343230 -0.869424
v 0.738469 0.380817 -0.744441
v 0.725040 0.314106 -0.856076
v 0.775094 0.285232 -0.854863
v 0.793407 0.229474 -0.900973
v 0.845903 0.231217 -0.851223
v 0.870319 0.170729 -0.874278
v 0.924036 0.167991 -0.814820
v 0.937465 0.115221 -0.826954
v 0.944790 0.075145 -0.831808
v 0.982636 0.113976 -0.760215
v 0.967986 0.073402 -0.786911
v 0.956999 0.067677 -0.757788
v 0.954557 0.054236 -0.796618
v 0.944790 0.045026 -0.778417
v 0.921595 0.037309 -0.811179
v 0.916711 0.039798 -0.757788
v 0.893515 0.032829 -0.790551
v -0.178381 0.178197 -0.411960
v -0.122222 0.171974 -0.431375
v -0.113676 0.189398 -0.402252
v -0.058739 0.195372 -0.411960
v -0.057518 0.221758 -0.397399
v -0.005022 0.231714 -0.401039
v 0.048695 0.294442 -0.410747
v 0.102412 0.293446 -0.401039
v 0.186650 0.358663 -0.464138
v 0.246471 0.358663 -0.435015
v 0.408843 0.434832 -0.540584
v 0.475989 0.434832 -0.481126
v 0.596852 0.445535 -0.602469
v 0.671323 0.445535 -0.518742
v 0.805615 0.395005 -0.621884
v 0.862994 0.343230 -0.666781
v 0.895957 0.382061 -0.529663
v 0.922815 0.314106 -0.637658
v 0.969207 0.285232 -0.623097
v 0.939907 0.241173 -0.725026
v 0.998507 0.229474 -0.664354
v 1.019262 0.177948 -0.684982
v 1.042458 0.236942 -0.580627
v 1.070537 0.186411 -0.598829
v 1.130358 0.190892 -0.470205
v 1.075420 0.152061 -0.601255
v 1.137683 0.159528 -0.472632
v 1.120591 0.137872 -0.466564
v 1.195062 0.145589 -0.320952
v 1.177971 0.121444 -0.318526
v 1.218258 0.065686 -0.160779
v 1.147450 0.104019 -0.312458
v 1.186516 0.050502 -0.159566
v -0.062401 0.176952 -0.442296
v -0.002580 0.186411 -0.444723
v -0.003801 0.206076 -0.415600
v 0.049916 0.212797 -0.411960
v 0.046254 0.237937 -0.397399
v 0.098750 0.236195 -0.386478
v 0.153687 0.285481 -0.382838
v 0.202521 0.276769 -0.358569
v 0.300188 0.358414 -0.398612
v 0.350242 0.358414 -0.356142
v 0.534589 0.434832 -0.414387
v 0.584643 0.434832 -0.340367
v 0.732365 0.445535 -0.426521
v 0.782419 0.445535 -0.325806
v 0.946011 0.387786 -0.393758
v 1.032691 0.314355 -0.430161
v 0.988741 0.387786 -0.266348
v 1.080303 0.314604 -0.290617
v 1.109604 0.314355 -0.146218
v 1.148670 0.238186 -0.308818
v 1.180412 0.230719 -0.155926
v 1.221921 0.154052 -0.160779
v 1.191400 0.225491 0.000607
v 1.235350 0.134138 0.000607
v 1.221921 0.154052 0.160780
v 1.250000 0.061205 0.000607
v 1.234129 0.095307 0.161994
v 1.218258 0.065686 0.160780
v 1.195062 0.145589 0.320953
v 1.177971 0.121444 0.318527
v 1.120591 0.137872 0.466565
v 1.147450 0.104019 0.312459
v 1.091291 0.121444 0.455644
v 0.054799 0.193132 -0.441082
v 0.109737 0.192634 -0.430161
v 0.102412 0.211552 -0.402252
v 0.153687 0.197364 -0.385264
v 0.147583 0.222753 -0.369490
v 0.195196 0.208067 -0.346435
v 0.246471 0.274031 -0.328233
v 0.287980 0.276271 -0.293044
v 0.392972 0.358663 -0.306391
v 0.429597 0.358663 -0.251787
v 0.623710 0.434832 -0.260281
v 0.653010 0.434832 -0.176554
v 0.817823 0.445535 -0.220238
v 0.839798 0.445535 -0.111029
v 1.015599 0.387786 -0.134084
v 1.024145 0.387537 0.000607
v 1.119370 0.314106 0.000607
v 1.109604 0.314355 0.146219
v 1.180412 0.230719 0.155927
v 1.148670 0.238186 0.308819
v 1.185296 0.183175 0.318527
v 1.130358 0.190892 0.470206
v 1.137683 0.159528 0.472633
v 1.075420 0.152061 0.601256
v 1.059549 0.131151 0.591549
v 1.008274 0.116714 0.677703
v 1.031470 0.116963 0.574561
v 0.981416 0.104268 0.658288
v 0.163454 0.179939 -0.413173
v 0.217171 0.166000 -0.388905
v 0.202521 0.181931 -0.360996
v 0.247692 0.176455 -0.330660
v 0.237925 0.203338 -0.317312
v 0.278213 0.207072 -0.283336
v 0.323384 0.282992 -0.253000
v 0.353905 0.289712 -0.208103
v 0.458897 0.358663 -0.192329
v 0.480872 0.358663 -0.130444
v 0.670102 0.434832 -0.089187
v 0.676206 0.434832 0.000607
v 0.847123 0.445535 0.000607
v 0.839798 0.445535 0.111030
v 1.015599 0.387786 0.134085
v 0.988741 0.387786 0.266349
v 1.080303 0.314604 0.290618
v 1.032691 0.314355 0.430162
v 1.097395 0.240178 0.456858
v 1.042458 0.236942 0.580628
v 1.070537 0.186411 0.598830
v 1.019262 0.177948 0.684983
v 1.025366 0.138121 0.688624
v 0.982636 0.113976 0.760216
v 0.974091 0.095307 0.731094
v 0.956999 0.067677 0.757789
v 0.946011 0.085102 0.710465
v 0.930140 0.060210 0.737161
v 0.266004 0.160773 -0.356142
v 0.312396 0.163760 -0.316099
v 0.289200 0.180188 -0.294257
v 0.325826 0.192136 -0.251787
v 0.312396 0.218522 -0.244506
v 0.341696 0.229723 -0.200823
v 0.377101 0.291953 -0.159566
v 0.395413 0.291953 -0.107388
v 0.493080 0.358663 -0.066132
v 0.497964 0.358663 0.000607
v 0.670102 0.434832 0.089188
v 0.653010 0.434832 0.176555
v 0.817823 0.445535 0.220239
v 0.782419 0.445535 0.325807
v 0.946011 0.387786 0.393759
v 0.895957 0.382061 0.529664
v 0.988741 0.307137 0.546652
v 0.969207 0.285232 0.623098
v 0.998507 0.229474 0.664355
v 0.939907 0.241173 0.725027
v 0.972870 0.170481 0.750509
v 0.924036 0.167991 0.814821
v 0.937465 0.115221 0.826955
v 0.944790 0.075145 0.831809
v 0.883749 0.114474 0.883986
v 0.908165 0.073402 0.864571
v 0.878865 0.067926 0.860931
v 0.915490 0.054236 0.848797
v 0.895957 0.045026 0.842730
v 0.921595 0.037309 0.811180
v 0.867878 0.039798 0.822101
v 0.893515 0.032829 0.790552
v 0.350242 0.174214 -0.268775
v 0.381984 0.184918 -0.219024
v 0.355126 0.204085 -0.206890
v 0.379542 0.208067 -0.158352
v 0.364892 0.233457 -0.153499
v 0.381984 0.233457 -0.103748
v 0.406401 0.291953 -0.053997
v 0.408843 0.291953 0.000607
v 0.493080 0.358663 0.066133
v 0.480872 0.358663 0.130444
v 0.623710 0.434832 0.260282
v 0.584643 0.434832 0.340368
v 0.732365 0.445535 0.426522
v 0.671323 0.445535 0.518743
v 0.805615 0.395005 0.621885
v 0.862994 0.343230 0.666782
v 0.738469 0.380817 0.744441
v 0.850786 0.314106 0.731094
v 0.849565 0.285232 0.779631
v 0.895957 0.226736 0.799046
v 0.845903 0.231217 0.851223
v 0.870319 0.170729 0.874279
v 0.810498 0.178944 0.924029
v 0.816602 0.140361 0.926456
v 0.804394 0.120199 0.910682
v 0.754340 0.150318 0.973780
v 0.754340 0.129907 0.942231
v 0.727481 0.115470 0.962859
v 0.734806 0.119203 0.915535
v 0.707948 0.106757 0.934950
v 0.406401 0.188403 -0.168060
v 0.424713 0.188403 -0.114669
v 0.396634 0.208067 -0.107388
v 0.406401 0.208067 -0.053997
v 0.391751 0.233457 -0.052784
v 0.395413 0.233457 0.000607
v 0.406401 0.291953 0.053998
v 0.395413 0.291953 0.107389
v 0.458897 0.358663 0.192330
v 0.429597 0.358663 0.251788
v 0.534589 0.434832 0.414388
v 0.475989 0.434832 0.481127
v 0.596852 0.445535 0.602470
v 0.513835 0.445535 0.676489
v 0.616385 0.395005 0.811180
v 0.661556 0.343230 0.869425
v 0.524822 0.382061 0.900974
v 0.632256 0.314106 0.927670
v 0.618827 0.284983 0.974994
v 0.720156 0.243911 0.943444
v 0.657894 0.232710 1.002903
v 0.678648 0.192136 1.016250
v 0.576097 0.237191 1.046586
v 0.594410 0.189647 1.068428
v 0.479651 0.178197 1.127886
v 0.606618 0.155297 1.068428
v 0.491860 0.139366 1.126673
v 0.486976 0.119203 1.106044
v 0.377101 0.111736 1.181277
v 0.377101 0.087342 1.160649
v 0.264784 0.056476 1.197052
v 0.366113 0.076141 1.129100
v 0.257459 0.045524 1.164289
v 0.435701 0.188403 -0.057638
v 0.439363 0.188403 0.000607
v 0.410063 0.208067 0.000607
v 0.406401 0.208067 0.053998
v 0.391751 0.233457 0.052785
v 0.381984 0.233457 0.103749
v 0.377101 0.291953 0.159567
v 0.353905 0.289712 0.208104
v 0.392972 0.358663 0.306392
v 0.350242 0.358414 0.356143
v 0.408843 0.434832 0.540585
v 0.335592 0.434832 0.590335
v 0.421051 0.445535 0.738374
v 0.320942 0.445535 0.786912
v 0.388088 0.387537 0.950725
v 0.424713 0.313857 1.039306
v 0.257459 0.382061 1.011397
v 0.311175 0.306639 1.090270
v 0.242808 0.284983 1.130313
v 0.330709 0.230719 1.150941
v 0.239146 0.221260 1.180064
v 0.252575 0.147082 1.210400
v 0.151246 0.236444 1.181277
v 0.159792 0.142851 1.224961
v 0.075554 0.160773 1.233455
v 0.163454 0.077136 1.235882
v 0.075554 0.108251 1.241949
v 0.073112 0.082612 1.222534
v -0.025776 0.131649 1.239522
v -0.026997 0.108749 1.220107
v -0.164951 0.075145 1.216467
v -0.028218 0.096054 1.187344
v -0.162510 0.062948 1.183704
v 0.435701 0.188403 0.057639
v 0.424713 0.188403 0.114670
v 0.396634 0.208067 0.107389
v 0.379542 0.208067 0.158353
v 0.364892 0.233457 0.153500
v 0.341696 0.229723 0.200824
v 0.323384 0.282992 0.253001
v 0.287980 0.276271 0.293044
v 0.300188 0.358414 0.398613
v 0.246471 0.358663 0.435016
v 0.255017 0.434832 0.629165
v 0.170779 0.434832 0.658288
v 0.214729 0.445535 0.823315
v 0.106075 0.445535 0.845156
v 0.128050 0.395005 1.013824
v 0.137816 0.343230 1.085416
v 0.002303 0.382061 1.045373
v 0.082879 0.314106 1.121819
v 0.047474 0.284983 1.155795
v 0.067008 0.224994 1.203119
v -0.025776 0.233706 1.198265
v -0.024555 0.174463 1.233455
v -0.166172 0.157039 1.224961
v -0.167393 0.101779 1.234668
v -0.324881 0.063944 1.212826
v -0.318777 0.032829 1.195838
v -0.462836 0.033078 1.148515
v -0.310231 0.021627 1.164289
v -0.449407 0.022623 1.118179
v 0.406401 0.188403 0.168061
v 0.381984 0.184918 0.219025
v 0.355126 0.204085 0.206891
v 0.325826 0.192136 0.251788
v 0.312396 0.218522 0.244507
v 0.278213 0.207072 0.283337
v 0.246471 0.274031 0.328234
v 0.202521 0.276769 0.358570
v 0.186650 0.358663 0.464139
v 0.124387 0.358912 0.485980
v 0.084100 0.434832 0.675276
v -0.005022 0.434832 0.681343
v -0.005022 0.445535 0.852437
v -0.116118 0.445535 0.845156
v -0.139314 0.387537 1.021104
v -0.151522 0.314106 1.114538
v -0.272385 0.387537 0.994409
v -0.296802 0.314106 1.085416
v -0.435978 0.314106 1.038092
v -0.313894 0.225740 1.155795
v -0.461615 0.225740 1.106044
v -0.472603 0.135134 1.149728
v -0.600791 0.228230 1.036879
v -0.614220 0.145838 1.076922
v -0.750954 0.156541 0.983488
v -0.620324 0.069420 1.097550
v -0.759500 0.090578 1.001689
v -0.771708 0.033078 1.011397
v -0.877921 0.102277 0.900974
v -0.849842 0.038554 0.939804
v -0.860829 0.034571 0.898547
v -0.824204 0.003456 0.958006
v -0.829088 -0.011728 0.933737
v -0.763162 -0.027409 0.987128
v -0.807112 -0.018946 0.905828
v -0.742408 -0.034379 0.959219
v 0.350242 0.174214 0.268776
v 0.312396 0.163760 0.316100
v 0.289200 0.180188 0.294258
v 0.247692 0.176455 0.330661
v 0.237925 0.203338 0.317313
v 0.195196 0.208067 0.346436
v 0.153687 0.285481 0.382838
v 0.102412 0.293446 0.401040
v 0.059683 0.358663 0.499328
v -0.005022 0.358663 0.502968
v -0.094143 0.434832 0.675276
v -0.182043 0.434832 0.658288
v -0.225993 0.445535 0.823315
v -0.330985 0.445535 0.786912
v -0.399352 0.387537 0.950725
v -0.520215 0.387537 0.891267
v -0.567828 0.314106 0.973780
v -0.689912 0.314106 0.892480
v -0.731420 0.230968 0.949512
v -0.838854 0.231217 0.863358
v -0.863271 0.164258 0.890053
v -0.934080 0.165502 0.816034
v -0.940184 0.116963 0.820888
v -0.925534 0.093814 0.807540
v -0.996342 0.103522 0.759003
v -0.964601 0.081368 0.759003
v -0.985355 0.049755 0.738374
v -0.938963 0.071909 0.737161
v -0.958496 0.042288 0.717746
v 0.266004 0.160773 0.356143
v 0.217171 0.166000 0.388906
v 0.202521 0.181931 0.360997
v 0.153687 0.197364 0.385265
v 0.147583 0.222753 0.369491
v 0.098750 0.236195 0.386479
v 0.048695 0.294442 0.410747
v -0.006242 0.290957 0.414388
v -0.070947 0.358663 0.498115
v -0.135651 0.358663 0.485980
v -0.266281 0.434832 0.629165
v -0.345636 0.434832 0.590335
v -0.431094 0.445535 0.738374
v -0.523878 0.445535 0.676489
v -0.632533 0.387537 0.817247
v -0.749733 0.382061 0.733521
v -0.791241 0.306888 0.818461
v -0.859608 0.284983 0.779631
v -0.907221 0.226238 0.799046
v -0.949951 0.240178 0.725027
v -0.984134 0.164755 0.750509
v -1.032968 0.166000 0.686197
v -1.048838 0.108998 0.697118
v -1.057384 0.060459 0.701971
v -1.091568 0.109745 0.629165
v -1.083022 0.061205 0.653434
v -1.073255 0.056227 0.624312
v -1.072034 0.035069 0.664355
v -1.064709 0.024117 0.643727
v -1.035409 0.011422 0.683770
v -1.036630 0.018392 0.621885
v -1.007330 0.006443 0.661928
v 0.163454 0.179939 0.413174
v 0.109737 0.192634 0.430162
v 0.102412 0.211552 0.402253
v 0.049916 0.212797 0.411961
v 0.046254 0.237937 0.397400
v -0.005022 0.231714 0.401040
v -0.059959 0.284983 0.410747
v -0.112455 0.281498 0.399827
v -0.197914 0.358663 0.464139
v -0.256514 0.358912 0.436230
v -0.420107 0.434832 0.540585
v -0.487253 0.434832 0.481127
v -0.608116 0.445535 0.602470
v -0.681366 0.445535 0.518743
v -0.816879 0.395005 0.621885
v -0.874259 0.343230 0.666782
v -0.916988 0.380817 0.526024
v -0.932859 0.314106 0.637659
v -0.980471 0.284983 0.623098
v -1.010992 0.226238 0.664355
v -1.047618 0.230470 0.602470
v -1.078138 0.168240 0.619458
v -1.113543 0.171227 0.546652
v -1.120868 0.126422 0.550292
v -1.103776 0.104019 0.541798
v -1.153830 0.121693 0.475059
v -1.135518 0.098045 0.467779
v -1.169701 0.069171 0.393759
v -1.104997 0.086346 0.455644
v -1.137960 0.057721 0.384052
v 0.054799 0.193132 0.441083
v -0.002580 0.186411 0.444724
v -0.003801 0.206076 0.415601
v -0.058739 0.195372 0.411961
v -0.057518 0.221758 0.397400
v -0.108793 0.216033 0.386479
v -0.163731 0.284983 0.382838
v -0.212564 0.290957 0.359783
v -0.311452 0.358912 0.399827
v -0.361506 0.358912 0.356143
v -0.545853 0.434832 0.414388
v -0.594686 0.434832 0.340368
v -0.743629 0.445535 0.426522
v -0.792462 0.445535 0.325807
v -0.949951 0.395005 0.391333
v -1.017097 0.343230 0.419241
v -1.012213 0.382559 0.278483
v -1.065930 0.314355 0.375558
v -1.108659 0.284983 0.350076
v -1.106218 0.240924 0.455644
v -1.148947 0.223251 0.381625
v -1.178247 0.153803 0.397400
v -1.169701 0.229972 0.290618
v -1.207547 0.147580 0.300325
v -1.230743 0.171227 0.160780
v -1.218535 0.082115 0.302752
v -1.240510 0.112483 0.161994
v -1.222197 0.085102 0.159567
v -1.249056 0.138868 0.000607
v -1.230743 0.113229 0.000607
v -1.222197 0.085102 -0.159566
v -1.197781 0.100535 0.000607
v -1.189235 0.073154 -0.155926
v -0.062401 0.176952 0.442297
v -0.122222 0.171974 0.431376
v -0.113676 0.189398 0.402253
v -0.164951 0.195870 0.384052
v -0.158847 0.221758 0.370704
v -0.205239 0.232212 0.347649
v -0.257735 0.295686 0.329447
v -0.299244 0.299171 0.294258
v -0.404236 0.358912 0.306392
v -0.440861 0.358912 0.251788
v -0.634974 0.434832 0.260282
v -0.663053 0.434832 0.176555
v -0.829088 0.445535 0.220239
v -0.849842 0.445784 0.111030
v -1.025642 0.390275 0.134085
v -1.119647 0.323814 0.147433
v -1.034188 0.391520 0.000607
v -1.129414 0.328544 0.000607
v -1.119647 0.323814 -0.147432
v -1.200222 0.257602 0.000607
v -1.190456 0.246650 -0.155926
v -1.230743 0.171227 -0.160779
v -1.169701 0.229972 -0.290617
v -1.207547 0.147580 -0.300324
v -1.178247 0.153803 -0.397399
v -1.218535 0.082115 -0.302751
v -1.188014 0.096054 -0.399826
v -1.169701 0.069171 -0.393758
v -1.153830 0.121693 -0.475058
v -1.135518 0.098045 -0.467778
v -1.103776 0.104019 -0.541797
v -1.104997 0.086346 -0.455643
v -1.074476 0.092569 -0.526023
v -0.178381 0.178197 0.411961
v -0.230877 0.188403 0.385265
v -0.213785 0.207072 0.359783
v -0.258956 0.214788 0.329447
v -0.249189 0.239680 0.318527
v -0.288256 0.245654 0.283337
v -0.334648 0.302158 0.253001
v -0.365169 0.302407 0.206891
v -0.470161 0.358912 0.192330
v -0.490915 0.358663 0.130444
v -0.680145 0.434832 0.089188
v -0.686249 0.434832 0.000607
v -0.857167 0.445784 0.000607
v -0.849842 0.445784 -0.111029
v -1.025642 0.390275 -0.134084
v -1.012213 0.382559 -0.278482
v -1.107439 0.309128 -0.271202
v -1.108659 0.284983 -0.350075
v -1.148947 0.223251 -0.381624
v -1.106218 0.240924 -0.455643
v -1.145285 0.168489 -0.471418
v -1.113543 0.171227 -0.546651
v -1.120868 0.126422 -0.550291
v -1.091568 0.109745 -0.629164
v -1.080580 0.089333 -0.598829
v -1.073255 0.056227 -0.624311
v -1.052501 0.079377 -0.580627
v -1.045176 0.048760 -0.603682
v -0.277269 0.194875 0.351289
v -0.319998 0.199106 0.312459
v -0.299244 0.220513 0.293044
v -0.333427 0.224994 0.253001
v -0.323660 0.250383 0.244507
v -0.352961 0.250881 0.200824
v -0.389586 0.298425 0.158353
v -0.406677 0.291455 0.106176
v -0.504344 0.358663 0.066133
v -0.508007 0.358414 0.000607
v -0.680145 0.434832 -0.089187
v -0.663053 0.434832 -0.176554
v -0.829088 0.445535 -0.220238
v -0.792462 0.445535 -0.325806
v -0.949951 0.395005 -0.391332
v -1.017097 0.343230 -0.419241
v -0.916988 0.380817 -0.526023
v -1.021980 0.314355 -0.484766
v -1.032968 0.285232 -0.532090
v -1.083022 0.227732 -0.538157
v -1.047618 0.230470 -0.602469
v -1.078138 0.168240 -0.619457
v -1.032968 0.166000 -0.686196
v -1.048838 0.108998 -0.697117
v -1.057384 0.060459 -0.701970
v -0.996342 0.103522 -0.759002
v -1.017097 0.056227 -0.740800
v -0.985355 0.049755 -0.738373
v -1.025642 0.031584 -0.725026
v -1.003667 0.019387 -0.722599
v -1.035409 0.011422 -0.683769
v -0.975588 0.013911 -0.700757
v -1.007330 0.006443 -0.661927
v -0.355402 0.202591 0.269989
v -0.385923 0.202591 0.223879
v -0.362727 0.225492 0.208104
v -0.387144 0.218273 0.160780
v -0.376156 0.243911 0.153500
v -0.392027 0.232710 0.103749
v -0.416444 0.283489 0.053998
v -0.420107 0.279258 0.000607
v -0.504344 0.358663 -0.066132
v -0.490915 0.358663 -0.130444
v -0.634974 0.434832 -0.260281
v -0.594686 0.434832 -0.340367
v -0.743629 0.445535 -0.426521
v -0.681366 0.445535 -0.518742
v -0.816879 0.395005 -0.621884
v -0.874259 0.343230 -0.666781
v -0.749733 0.382061 -0.733520
v -0.862050 0.314106 -0.731093
v -0.859608 0.284983 -0.779630
v -0.949951 0.240178 -0.725026
v -0.907221 0.226238 -0.799045
v -0.934080 0.165502 -0.816033
v -0.838854 0.231217 -0.863357
v -0.863271 0.164258 -0.890052
v -0.750954 0.156541 -0.983487
v -0.877921 0.102277 -0.900973
v -0.759500 0.090578 -1.001688
v -0.771708 0.033078 -1.011396
v -0.620324 0.069420 -1.097549
v -0.683808 0.022872 -1.068427
v -0.641078 0.013662 -1.068427
v -0.714329 -0.003513 -1.042945
v -0.692354 -0.017453 -1.038091
v -0.763162 -0.027409 -0.987127
v -0.672820 -0.025169 -1.010182
v -0.742408 -0.034379 -0.959218
v -0.411561 0.196368 0.172915
v -0.405457 0.206325 0.109816
v -0.403015 0.219269 0.051571
v -0.608116 0.445535 -0.602469
v -0.632533 0.387537 -0.817246
v -0.689912 0.314106 -0.892479
v -0.567828 0.314106 -0.973779
v -0.600791 0.228230 -1.036878
v -0.461615 0.225740 -1.106043
v -0.472603 0.135134 -1.149727
v -0.323660 0.135383 -1.199478
v -0.324881 0.063944 -1.212825
v -0.167393 0.101779 -1.234667
v -0.164951 0.075145 -1.216466
v -0.026997 0.108749 -1.220106
v -0.028218 0.096054 -1.187343
v 0.069449 0.070664 -1.189770
v -0.318777 0.032829 -1.195837
v -0.462836 0.033078 -1.148514
v -0.471382 0.063944 -1.164288
v -0.614220 0.145838 -1.076921
v -0.731420 0.230968 -0.949511
v -0.791241 0.306888 -0.818460
v -0.310231 0.021627 -1.164288
v -0.162510 0.062948 -1.183703
v -0.449407 0.022623 -1.118178
v -0.560503 0.029095 -1.068427
v -0.576374 0.039052 -1.097549
v -0.622766 0.004452 -1.039305
v 0.941128 0.049008 0.826955
v 0.954557 0.054236 0.796619
v 0.944790 0.045026 0.778418
v 0.916711 0.039798 0.757789
v 0.967986 0.073402 0.786912
v -0.776591 -0.008989 -1.006542
v -0.824204 0.003456 -0.958005
v -0.829088 -0.011728 -0.933736
v -0.807112 -0.018946 -0.905827
v -0.860829 0.034571 -0.898546
v -0.838854 0.025859 -0.871851
v -0.862050 0.069918 -0.837875
v -0.885246 0.080372 -0.862143
v -0.925534 0.093814 -0.807539
v -0.940184 0.116963 -0.820887
v -0.984134 0.164755 -0.750508
v -1.010992 0.226238 -0.664354
v -0.980471 0.284983 -0.623097
v -0.996342 0.299669 -0.572133
v -0.932859 0.314106 -0.637658
v -1.021980 0.314355 0.484767
v -1.032968 0.285232 0.532091
v -0.996342 0.299669 0.572134
v -1.083022 0.227732 0.538158
v -1.145285 0.168489 0.471419
v -1.188014 0.096054 0.399827
v -1.200222 0.052991 0.297898
v -1.168481 0.042039 0.290618
v -1.189235 0.073154 0.155927
v 0.455234 0.236195 -1.101190
v 0.594410 0.189647 -1.068427
v 0.687194 0.158781 -1.023530
v 0.690856 0.127916 -1.030811
v 0.728702 0.122937 -0.994408
v 0.710390 0.106260 -1.001688
v 0.727481 0.115470 -0.962858
v 0.705506 0.095805 -0.982273
v 0.685973 0.088338 -0.953151
v 0.671323 0.089582 -1.008969
v 0.650568 0.080870 -0.982273
v 0.616385 0.087093 -1.006542
v 0.685973 0.103273 -1.028384
v 0.654231 0.108500 -1.041731
v 0.643243 0.127667 -1.052652
v 0.637139 0.097547 -1.033237
v -0.901117 0.083110 0.785698
v -0.862050 0.069918 0.837876
v -0.885246 0.080372 0.862144
v -0.838854 0.025859 0.871852
v -1.239289 0.190643 0.000607
v -1.190456 0.246650 0.155927
v -1.107439 0.309128 0.271203
v -1.036630 0.018392 -0.621884
v -1.064709 0.024117 -0.643726
v -1.072034 0.035069 -0.664354
v -1.054943 0.026108 -0.698330
v -1.083022 0.061205 -0.653433
v 0.156129 0.037060 1.183704
v 0.161012 0.048013 1.217680
v 0.266004 0.084604 1.216467
v 0.357567 0.162515 1.180064
v 0.455234 0.236195 1.101191
v 0.541914 0.306639 0.994409
v -0.849842 0.038554 -0.939803
v -1.065930 0.314355 -0.375557
v 0.200079 0.314106 1.107258
v 0.069449 0.070664 1.189771
v 0.852007 0.060459 0.839089
v 0.828811 0.086346 0.856077
v 0.853228 0.096054 0.879132
v 0.782419 0.109247 0.885200
v -1.137960 0.057721 -0.384051
v -1.168481 0.042039 -0.290617
v -1.200222 0.052991 -0.297897
v -1.240510 0.112483 -0.161993
v -0.776591 -0.008989 1.006543
v -0.714329 -0.003513 1.042946
v -0.692354 -0.017453 1.038092
v -0.672820 -0.025169 1.010183
v -0.641078 0.013662 1.068428
v -0.622766 0.004452 1.039306
v -0.560503 0.029095 1.068428
v -0.576374 0.039052 1.097550
v -0.471382 0.063944 1.164289
v -0.323660 0.135383 1.199479
v -0.161289 0.231217 1.184918
v -0.028218 0.306888 1.133953
v -0.683808 0.022872 1.068428
v 0.782419 0.109247 -0.885199
v 0.734806 0.119203 -0.915534
v 0.754340 0.129907 -0.942230
v 0.707948 0.106757 -0.934949
v 0.850786 0.314106 -0.731093
v 0.849565 0.285232 -0.779630
v 0.804394 0.299669 -0.809966
v 0.895957 0.226736 -0.799045
v 0.972870 0.170481 -0.750508
v 1.025366 0.138121 -0.688623
v 1.008274 0.116714 -0.677702
v 1.059549 0.131151 -0.591548
v 1.031470 0.116963 -0.574560
v 1.091291 0.121444 -0.455643
v 0.981416 0.104268 -0.658287
v 0.946011 0.085102 -0.710464
v 0.974091 0.095307 -0.731093
v 0.930140 0.060210 -0.737160
v 0.725040 0.314106 0.856077
v 0.775094 0.285232 0.854864
v 0.804394 0.299669 0.809967
v 0.793407 0.229474 0.900974
v 0.745794 0.187905 0.968927
v 0.687194 0.158781 1.023531
v 0.690856 0.127916 1.030812
v 0.643243 0.127667 1.052653
v 0.654231 0.108500 1.041732
v 0.613943 0.120946 1.041732
v 0.637139 0.097547 1.033238
v 0.616385 0.087093 1.006543
v 0.671323 0.089582 1.008970
v 0.650568 0.080870 0.982274
v 0.685973 0.088338 0.953152
v 0.685973 0.103273 1.028385
v 0.710390 0.106260 1.001689
v 0.728702 0.122937 0.994409
v 0.705506 0.095805 0.982274
v 1.097395 0.240178 -0.456857
v 1.185296 0.183175 -0.318526
v 1.234129 0.095307 -0.161993
v 1.232908 0.028099 0.000607
v 1.199946 0.014658 0.000607
v 1.186516 0.050502 0.159567
v -0.862050 0.314106 0.731094
v 0.867878 0.039798 -0.822100
v 0.895957 0.045026 -0.842729
v 0.915490 0.054236 -0.848796
v 0.941128 0.049008 -0.826954
v 0.908165 0.073402 -0.864570
v -1.054943 0.026108 0.698331
v -1.025642 0.031584 0.725027
v -1.003667 0.019387 0.722600
v -0.975588 0.013911 0.700758
v -1.017097 0.056227 0.740801
v 0.594410 0.110491 1.013824
v 0.556564 0.125924 1.028385
v 0.573656 0.135881 1.057507
v 0.473547 0.108749 1.075709
v 0.311175 0.306639 -1.090269
v 0.082879 0.314106 -1.121818
v 0.922815 0.314106 0.637659
v -0.958496 0.042288 -0.717745
v -0.938963 0.071909 -0.737160
v -0.964601 0.081368 -0.759002
v -0.901117 0.083110 -0.785697
v 0.988741 0.307137 -0.546651
v -1.045176 0.048760 0.603683
v -1.052501 0.079377 0.580628
v -1.080580 0.089333 0.598830
v -1.074476 0.092569 0.526024
v 0.632256 0.314106 -0.927669
v 0.832473 0.473912 0.006674
v 0.932582 0.443544 0.220239
v 1.014378 0.413674 0.180195
v 0.482093 0.473912 0.681343
v 0.587085 0.443544 -0.760215
v -0.975588 0.279756 0.626738
v -0.902338 0.349951 0.597616
v 0.985062 0.344921 0.265702
v 1.019110 0.344921 0.000608
v 0.772256 0.403744 0.208549
v 0.800225 0.403744 0.000608
v 0.560667 0.344921 0.151396
v 0.580124 0.344921 0.000608
v 0.405016 0.183911 0.110051
v 0.419608 0.183911 0.000608
v 0.347862 -0.035492 0.094242
v 0.360023 -0.035492 0.000608
v 0.405016 -0.255324 0.110051
v 0.419608 -0.255324 0.000608
v 0.560667 -0.416334 0.151396
v 0.580124 -0.416334 0.000608
v 0.772256 -0.475157 0.208549
v 0.800225 -0.475157 0.000608
v 0.985062 0.344921 -0.265702
v 0.772256 0.403744 -0.208549
v 0.560667 0.344921 -0.151396
v 0.405016 0.183911 -0.110051
v 0.347862 -0.035492 -0.094242
v 0.405016 -0.255324 -0.110051
v 0.560667 -0.416334 -0.151396
v 0.772256 -0.475157 -0.208549
v 0.881699 0.344921 -0.512556
v 0.691998 0.403744 -0.403114
v 0.501082 0.344921 -0.292455
v 0.362455 0.183911 -0.212197
v 0.311381 -0.035492 -0.183012
v 0.362455 -0.255324 -0.212197
v 0.501082 -0.416334 -0.292455
v 0.691998 -0.475157 -0.403114
v 0.718751 0.344921 -0.724145
v 0.564315 0.403744 -0.569710
v 0.408664 0.344921 -0.414058
v 0.294357 0.183911 -0.299751
v 0.253012 -0.035492 -0.258406
v 0.294357 -0.255324 -0.299751
v 0.408664 -0.416334 -0.414058
v 0.564315 -0.475157 -0.569710
v 0.507162 0.344921 -0.887093
v 0.397719 0.403744 -0.697393
v 0.287061 0.344921 -0.506476
v 0.206803 0.183911 -0.367849
v 0.177618 -0.035492 -0.316776
v 0.206803 -0.255324 -0.367849
v 0.287061 -0.416334 -0.506476
v 0.397719 -0.475156 -0.697393
v 0.260308 0.344921 -0.990456
v 0.203155 0.403744 -0.777651
v 0.146001 0.344921 -0.566062
v 0.104656 0.183911 -0.410410
v 0.088848 -0.035492 -0.353256
v 0.104656 -0.255324 -0.410410
v 0.146001 -0.416334 -0.566062
v 0.203155 -0.475156 -0.777651
v -0.006002 0.344921 -1.024504
v -0.006002 0.403744 -0.805619
v -0.006002 0.344921 -0.585518
v -0.006002 0.183911 -0.425002
v -0.006002 -0.035492 -0.365417
v -0.006002 -0.255324 -0.425002
v -0.006002 -0.416334 -0.585518
v -0.006002 -0.475156 -0.805619
v -0.271097 0.344921 -0.990456
v -0.213943 0.403744 -0.777651
v -0.156790 0.344921 -0.566062
v -0.115445 0.183911 -0.410410
v -0.099636 -0.035492 -0.353256
v -0.115445 -0.255324 -0.410410
v -0.156790 -0.416334 -0.566062
v -0.213943 -0.475156 -0.777651
v -0.517950 0.344921 -0.887093
v -0.408508 0.403744 -0.697393
v -0.297849 0.344921 -0.506476
v -0.217591 0.183911 -0.367849
v -0.188407 -0.035492 -0.316776
v -0.217591 -0.255324 -0.367849
v -0.297849 -0.416334 -0.506476
v -0.408508 -0.475156 -0.697393
v -0.729539 0.344921 -0.724145
v -0.575104 0.403744 -0.569710
v -0.419452 0.344921 -0.414058
v -0.305145 0.183911 -0.299751
v -0.263800 -0.035492 -0.258406
v -0.305145 -0.255324 -0.299751
v -0.419452 -0.416334 -0.414058
v -0.575104 -0.475156 -0.569710
v -0.892487 0.344921 -0.512556
v -0.702787 0.403744 -0.403114
v -0.511870 0.344921 -0.292455
v -0.373243 0.183911 -0.212197
v -0.322170 -0.035492 -0.183012
v -0.373243 -0.255324 -0.212197
v -0.511870 -0.416334 -0.292455
v -0.702787 -0.475156 -0.403114
v -0.995850 0.344921 -0.265702
v -0.783045 0.403744 -0.208549
v -0.571456 0.344921 -0.151396
v -0.415804 0.183911 -0.110051
v -0.358651 -0.035492 -0.094242
v -0.415804 -0.255324 -0.110051
v -0.571456 -0.416334 -0.151396
v -0.783045 -0.475156 -0.208549
v -1.029899 0.344921 0.000608
v -0.811013 0.403744 0.000608
v -0.590912 0.344921 0.000608
v -0.430396 0.183911 0.000608
v -0.370811 -0.035492 0.000608
v -0.430396 -0.255324 0.000608
v -0.590912 -0.416334 0.000608
v -0.811013 -0.475156 0.000608
v -0.995850 0.344921 0.265702
v -0.783045 0.403744 0.208549
v -0.571456 0.344921 0.151396
v -0.415804 0.183911 0.110051
v -0.358651 -0.035492 0.094242
v -0.415804 -0.255324 0.110051
v -0.571456 -0.416334 0.151396
v -0.783045 -0.475156 0.208549
v -0.892487 0.344921 0.512556
v -0.702787 0.403744 0.403114
v -0.511870 0.344921 0.292455
v -0.373243 0.183911 0.212197
v -0.322170 -0.035492 0.183012
v -0.373243 -0.255324 0.212197
v -0.511870 -0.416334 0.292455
v -0.702787 -0.475156 0.403114
v -0.729539 0.344921 0.724145
v -0.575104 0.403744 0.569710
v -0.419452 0.344921 0.414058
v -0.305145 0.183911 0.299751
v -0.263800 -0.035492 0.258406
v -0.305145 -0.255324 0.299751
v -0.419452 -0.416334 0.414058
v -0.575104 -0.475156 0.569710
v -0.517950 0.344921 0.887093
v -0.408508 0.403744 0.697393
v -0.297849 0.344921 0.506476
v -0.217591 0.183911 0.367849
v -0.188407 -0.035492 0.316776
v -0.217591 -0.255324 0.367849
v -0.297849 -0.416334 0.506476
v -0.408508 -0.475156 0.697393
v -0.271097 0.344921 0.990456
v -0.213943 0.403744 0.777651
v -0.156790 0.344921 0.566062
v -0.115445 0.183911 0.410410
v -0.099636 -0.035492 0.353256
v -0.115445 -0.255324 0.410410
v -0.156790 -0.416334 0.566062
v -0.213943 -0.475156 0.777651
v -0.004786 0.344921 1.024505
v -0.004786 0.403744 0.805619
v -0.004786 0.344921 0.585518
v -0.004786 0.183911 0.425002
v -0.004786 -0.035492 0.365417
v -0.004786 -0.255324 0.425002
v -0.004786 -0.416334 0.585518
v -0.004786 -0.475156 0.805619
v 0.260308 0.344921 0.990456
v 0.203155 0.403744 0.777651
v 0.146001 0.344921 0.566062
v 0.104656 0.183911 0.410410
v 0.088848 -0.035492 0.353256
v 0.104656 -0.255324 0.410410
v 0.146001 -0.416334 0.566062
v 0.203155 -0.475156 0.777651
v 0.507162 0.344921 0.887093
v 0.397719 0.403744 0.697393
v 0.287061 0.344921 0.506476
v 0.206803 0.183911 0.367849
v 0.177618 -0.035492 0.316776
v 0.206803 -0.255324 0.367849
v 0.287061 -0.416334 0.506476
v 0.397719 -0.475156 0.697393
v 0.718751 0.344921 0.724145
v 0.564315 0.403744 0.569710
v 0.408664 0.344921 0.414058
v 0.294357 0.183911 0.299751
v 0.253012 -0.035492 0.258406
v 0.294357 -0.255324 0.299751
v 0.408664 -0.416334 0.414058
v 0.564315 -0.475157 0.569710
v 0.881699 0.344921 0.512556
v 0.691998 0.403744 0.403114
v 0.501082 0.344921 0.292455
v 0.362455 0.183911 0.212197
v 0.311381 -0.035492 0.183012
v 0.362455 -0.255324 0.212197
v 0.501082 -0.416334 0.292455
v 0.691998 -0.475157 0.403114
v 0.985062 0.344921 0.265702
v 0.772256 0.403744 0.208549
v 0.560667 0.344921 0.151396
v 0.405016 0.183911 0.110051
v 0.347862 -0.035492 0.094242
v 0.405016 -0.255324 0.110051
v 0.560667 -0.416334 0.151396
v 0.772256 -0.475157 0.208549
v 0.772256 -0.475157 0.208549
v 0.800225 -0.475157 0.000608
v 0.985062 -0.416334 0.265702
v 1.019110 -0.416334 0.000608
v 1.183274 -0.288814 -0.000608
v 1.143145 -0.288814 -0.308263
v 1.195434 -0.169881 -0.321640
v 1.071400 -0.161294 -0.621999
v 1.196651 -0.044508 -0.321640
v 1.072616 -0.035492 -0.621999
v 1.056807 0.073995 -0.613487
v 0.862243 0.073995 -0.867637
v 0.833058 0.183911 -0.838452
v 0.587420 0.183911 -1.026937
v 0.718751 0.344921 -0.724145
v 0.507162 0.344921 -0.887093
v 0.772256 -0.475157 -0.208549
v 0.985062 -0.416334 -0.265702
v 1.023974 -0.288814 -0.594030
v 0.873187 -0.161294 -0.878581
v 0.874403 -0.035492 -0.879797
v 0.608092 0.073995 -1.062201
v 0.301653 0.183911 -1.144891
v 0.260308 0.344921 -0.990456
v 0.691998 -0.475157 -0.403114
v 0.881699 -0.416334 -0.512556
v 0.835490 -0.288814 -0.840884
v 0.616605 -0.161294 -1.076794
v 0.616605 -0.035492 -1.078010
v 0.312597 0.073995 -1.185020
v -0.006002 0.183911 -1.186236
v -0.006002 0.344921 -1.024504
v 0.564315 -0.475157 -0.569710
v 0.718751 -0.416334 -0.724145
v 0.588636 -0.288814 -1.029369
v 0.316246 -0.161294 -1.200829
v 0.316246 -0.035492 -1.202045
v -0.006002 0.073995 -1.226365
v -0.312442 0.183911 -1.144891
v -0.271097 0.344921 -0.990456
v 0.397719 -0.475156 -0.697393
v 0.507162 -0.416334 -0.887093
v 0.302869 -0.288814 -1.148539
v -0.006002 -0.161294 -1.243390
v -0.006002 -0.035492 -1.244606
v -0.323386 0.073995 -1.185020
v -0.598208 0.183911 -1.026937
v -0.517950 0.344921 -0.887093
v 0.203155 -0.475156 -0.777651
v 0.260308 -0.416334 -0.990456
v -0.006002 -0.288814 -1.188668
v -0.327034 -0.161294 -1.200829
v -0.327034 -0.035492 -1.202045
v -0.618881 0.073995 -1.062201
v -0.843846 0.183911 -0.838452
v -0.729539 0.344921 -0.724145
v -0.006002 -0.475156 -0.805619
v -0.006002 -0.416334 -1.024504
v -0.313658 -0.288814 -1.148539
v -0.627393 -0.161294 -1.076794
v -0.627393 -0.035492 -1.078010
v -0.873031 0.073995 -0.867637
v -1.032331 0.183911 -0.592814
v -0.892487 0.344921 -0.512556
v -0.213943 -0.475156 -0.777651
v -0.271097 -0.416334 -0.990456
v -0.599424 -0.288814 -1.029369
v -0.883975 -0.144549 -0.878581
v -0.885191 -0.019176 -0.879797
v -1.067596 0.073995 -0.613487
v -1.150286 0.183911 -0.307047
v -0.995850 0.344921 -0.265702
v -0.408508 -0.475156 -0.697393
v -0.517950 -0.416334 -0.887093
v -0.846278 -0.288814 -0.840884
v -1.082188 -0.144549 -0.621999
v -1.083404 -0.019176 -0.621999
v -1.190415 0.073995 -0.317992
v -1.191631 0.183911 0.000608
v -1.029899 0.344921 0.000608
v -0.575104 -0.475156 -0.569710
v -0.729540 -0.416334 -0.724145
v -1.034763 -0.288814 -0.594030
v -1.206223 -0.172887 -0.321640
v -1.207439 -0.047514 -0.321640
v -1.231760 0.073995 0.000608
v -1.150286 0.183911 0.307047
v -0.995850 0.344921 0.265702
v -0.702787 -0.475156 -0.403114
v -0.892487 -0.416334 -0.512556
v -1.153934 -0.288814 -0.308263
v -1.248784 -0.172887 0.000608
v -1.250000 -0.047514 0.000608
v -1.190415 0.073995 0.317992
v -1.032331 0.183911 0.592814
v -0.892487 0.344921 0.512556
v -0.783045 -0.475156 -0.208549
v -0.995850 -0.416334 -0.265702
v -1.194063 -0.288814 0.000608
v -1.206223 -0.152278 0.321640
v -1.207439 -0.026475 0.321640
v -1.067596 0.073995 0.613487
v -0.843846 0.183911 0.838452
v -0.729539 0.344921 0.724145
v -0.811013 -0.475156 0.000608
v -1.029899 -0.416334 0.000608
v -1.153934 -0.288814 0.308263
v -1.082188 -0.152278 0.621999
v -1.083404 -0.026475 0.621999
v -0.873031 0.073995 0.867637
v -0.598208 0.183911 1.026937
v -0.517950 0.344921 0.887093
v -0.783045 -0.475156 0.208549
v -0.995850 -0.416334 0.265702
v -1.034763 -0.288814 0.594030
v -0.883975 -0.152278 0.878581
v -0.885191 -0.026475 0.879797
v -0.618881 0.073995 1.062201
v -0.312442 0.183911 1.144891
v -0.271097 0.344921 0.990456
v -0.702787 -0.475156 0.403114
v -0.892487 -0.416334 0.512556
v -0.846278 -0.288814 0.840884
v -0.627393 -0.177180 1.076794
v -0.627393 -0.051807 1.078010
v -0.323386 0.073995 1.185020
v -0.004786 0.183911 1.186236
v -0.004786 0.344921 1.024505
v -0.575104 -0.475156 0.569710
v -0.729540 -0.416334 0.724145
v -0.599424 -0.288814 1.029369
v -0.327034 -0.177180 1.200829
v -0.327034 -0.051807 1.202045
v -0.004786 0.073995 1.226365
v 0.301653 0.183911 1.144891
v 0.260308 0.344921 0.990456
v -0.408508 -0.475156 0.697393
v -0.517950 -0.416334 0.887093
v -0.313658 -0.288814 1.148539
v -0.004786 -0.152278 1.243390
v -0.004786 -0.026475 1.244606
v 0.312597 0.073995 1.185020
v 0.587420 0.183911 1.026937
v 0.507162 0.344921 0.887093
v -0.213943 -0.475156 0.777651
v -0.271097 -0.416334 0.990456
v -0.004786 -0.288814 1.188668
v 0.316246 -0.152278 1.200829
v 0.316246 -0.026475 1.202045
v 0.608092 0.073995 1.062201
v 0.833058 0.183911 0.838452
v 0.718751 0.344921 0.724145
v -0.004786 -0.475156 0.805619
v -0.004786 -0.416334 1.024505
v 0.302869 -0.288814 1.148539
v 0.616605 -0.175892 1.076794
v 0.616605 -0.050519 1.078010
v 0.862243 0.073995 0.867637
v 1.021542 0.183911 0.592814
v 0.881699 0.344921 0.512556
v 0.203155 -0.475156 0.777651
v 0.260308 -0.416334 0.990456
v 0.588636 -0.288814 1.029369
v 0.873187 -0.175892 0.878581
v 0.874403 -0.050519 0.879797
v 1.056807 0.073995 0.613487
v 1.139497 0.183911 0.307047
v 0.985062 0.344921 0.265702
v 0.397719 -0.475156 0.697393
v 0.507162 -0.416334 0.887093
v 0.835490 -0.288814 0.840884
v 1.071400 -0.152707 0.621999
v 1.072616 -0.027334 0.621999
v 1.179626 0.073995 0.317992
v 0.564315 -0.475157 0.569710
v 0.718751 -0.416334 0.724145
v 1.023974 -0.288814 0.594030
v 1.195434 -0.152707 0.321640
v 1.196651 -0.027334 0.321640
v 0.691998 -0.475157 0.403114
v 0.881699 -0.416334 0.512556
v 1.143145 -0.288814 0.308263
v 0.772256 -0.475157 0.208549
v 0.985062 -0.416334 0.265702
v 1.143145 -0.288814 0.308263
v 1.237996 -0.169881 0.000608
v 1.195434 -0.152707 0.321640
v 1.196651 -0.027334 0.321640
v 1.239212 -0.044508 -0.000608
v 1.220971 0.073995 -0.000608
v 1.179626 0.073995 0.317992
v 1.180842 0.183911 -0.000608
v 1.139497 0.183911 0.307047
v 0.985062 0.344921 0.265702
v 1.179626 0.073995 -0.317992
v 1.139497 0.183911 -0.307047
v 1.019110 0.344921 0.000608
v 1.021542 0.183911 -0.592814
v 0.985062 0.344921 -0.265702
v 0.881699 0.344921 -0.512556
# num_vertices: 2829
vt 0.716930 0.709165
vt 0.727394 0.715140
vt 0.710698 0.718973
vt 0.720104 0.725962
vt 0.702703 0.728668
vt 0.711051 0.735770
vt 0.701409 0.744901
vt 0.707876 0.752567
vt 0.693767 0.764403
vt 0.714696 0.759894
vt 0.702350 0.773196
vt 0.722221 0.766996
vt 0.712344 0.779960
vt 0.730569 0.774662
vt 0.721163 0.785709
vt 0.738564 0.782666
vt 0.729276 0.792924
vt 0.718576 0.742984
vt 0.725395 0.750312
vt 0.732215 0.758203
vt 0.739152 0.766771
vt 0.746089 0.775902
vt 0.735978 0.741068
vt 0.742915 0.749636
vt 0.749382 0.759105
vt 0.755143 0.769251
vt 0.754202 0.742083
vt 0.759728 0.753243
vt 0.764902 0.763840
vt 0.746912 0.731486
vt 0.728452 0.733290
vt 0.737976 0.722355
vt 0.752203 0.709278
vt 0.760199 0.717620
vt 0.741033 0.711758
vt 0.757377 0.728442
vt 0.703291 0.505798
vt 0.695295 0.497569
vt 0.714225 0.503431
vt 0.697882 0.486972
vt 0.708229 0.484154
vt 0.716930 0.493060
vt 0.729276 0.479645
vt 0.736801 0.486747
vt 0.739975 0.470175
vt 0.746795 0.477954
vt 0.757377 0.469386
vt 0.763961 0.478968
vt 0.774308 0.472994
vt 0.779482 0.483703
vt 0.769723 0.489114
vt 0.753732 0.486521
vt 0.745149 0.494413
vt 0.726924 0.499711
vt 0.760669 0.495653
vt 0.753144 0.502529
vt 0.735742 0.505573
vt 0.766783 0.325541
vt 0.774779 0.333884
vt 0.755613 0.328022
vt 0.771957 0.344706
vt 0.761375 0.347637
vt 0.752556 0.338618
vt 0.743032 0.349553
vt 0.741974 0.331404
vt 0.734684 0.342226
vt 0.725278 0.335236
vt 0.717282 0.344819
vt 0.725631 0.351921
vt 0.733156 0.359248
vt 0.750557 0.357332
vt 0.739975 0.366576
vt 0.757377 0.365786
vt 0.746795 0.374354
vt 0.763961 0.375369
vt 0.753732 0.382922
vt 0.769723 0.385514
vt 0.760669 0.392053
vt 0.753144 0.398929
vt 0.745149 0.390813
vt 0.736801 0.383147
vt 0.729276 0.376045
vt 0.722456 0.368717
vt 0.715989 0.361052
vt 0.709287 0.352935
vt 0.708229 0.380554
vt 0.716930 0.389460
vt 0.726924 0.396111
vt 0.735742 0.401973
vt 0.743738 0.409075
vt 0.701644 0.370296
vt 0.696589 0.359924
vt 0.703291 0.402199
vt 0.695295 0.393969
vt 0.714225 0.399831
vt 0.697882 0.383373
vt 0.743738 0.098389
vt 0.735742 0.091174
vt 0.753144 0.088130
vt 0.745149 0.080013
vt 0.753732 0.072235
vt 0.746795 0.063555
vt 0.763961 0.064569
vt 0.757377 0.054987
vt 0.774308 0.058594
vt 0.768664 0.047547
vt 0.726924 0.085312
vt 0.736801 0.072348
vt 0.739975 0.055776
vt 0.750557 0.046532
vt 0.761375 0.036837
vt 0.716930 0.078661
vt 0.729276 0.065246
vt 0.733156 0.048449
vt 0.743032 0.038754
vt 0.752556 0.027819
vt 0.755613 0.017222
vt 0.708229 0.069755
vt 0.722456 0.057918
vt 0.725631 0.041121
vt 0.734684 0.031426
vt 0.741974 0.020604
vt 0.725278 0.024437
vt 0.731510 0.014629
vt 0.717282 0.034019
vt 0.715989 0.050252
vt 0.701644 0.059496
vt 0.696589 0.049125
vt 0.709287 0.042136
vt 0.766783 0.014742
vt 0.774779 0.023084
vt 0.771957 0.033906
vt 0.703291 0.091399
vt 0.695295 0.083170
vt 0.714225 0.089145
vt 0.697882 0.072573
vt 0.779482 0.069304
vt 0.769723 0.074715
vt 0.760669 0.081253
vt 0.731510 0.221829
vt 0.741974 0.227804
vt 0.725278 0.231637
vt 0.734684 0.238626
vt 0.717282 0.241219
vt 0.725631 0.248321
vt 0.715989 0.257452
vt 0.722456 0.265118
vt 0.708229 0.276954
vt 0.729276 0.272445
vt 0.716930 0.285860
vt 0.736801 0.279547
vt 0.726924 0.292511
vt 0.745149 0.287213
vt 0.735742 0.298373
vt 0.753144 0.295330
vt 0.743738 0.305475
vt 0.733156 0.255648
vt 0.739975 0.262976
vt 0.746795 0.270754
vt 0.753732 0.279322
vt 0.760669 0.288453
vt 0.750557 0.253732
vt 0.757377 0.262187
vt 0.763961 0.271769
vt 0.769723 0.281915
vt 0.768664 0.254746
vt 0.774308 0.265794
vt 0.779482 0.276504
vt 0.761375 0.244037
vt 0.743032 0.245953
vt 0.752556 0.235019
vt 0.939742 0.532628
vt 0.950089 0.538603
vt 0.933393 0.542436
vt 0.942917 0.549425
vt 0.925515 0.552018
vt 0.933863 0.559120
vt 0.924104 0.568251
vt 0.930571 0.575917
vt 0.916461 0.587754
vt 0.937390 0.583245
vt 0.925162 0.596660
vt 0.945033 0.590347
vt 0.935156 0.603311
vt 0.953264 0.598012
vt 0.943857 0.609173
vt 0.961259 0.606129
vt 0.951970 0.616275
vt 0.941270 0.566448
vt 0.948208 0.573775
vt 0.954910 0.581554
vt 0.961964 0.590121
vt 0.968784 0.599252
vt 0.958672 0.564531
vt 0.965609 0.572986
vt 0.972076 0.582568
vt 0.977955 0.592714
vt 0.976897 0.565546
vt 0.982423 0.576593
vt 0.987597 0.587303
vt 0.969607 0.554836
vt 0.951265 0.556753
vt 0.960671 0.545818
vt 0.766783 0.429141
vt 0.774779 0.437483
vt 0.755613 0.431621
vt 0.771957 0.448306
vt 0.761375 0.451237
vt 0.752556 0.442218
vt 0.743032 0.453153
vt 0.741974 0.435003
vt 0.734684 0.445825
vt 0.725278 0.438836
vt 0.717282 0.448418
vt 0.725631 0.455520
vt 0.733156 0.462848
vt 0.750557 0.460931
vt 0.722456 0.472317
vt 0.715989 0.464652
vt 0.709287 0.456535
vt 0.701644 0.473895
vt 0.696589 0.463524
vt 0.909877 0.577495
vt 0.904821 0.567124
vt 0.917402 0.560135
vt 0.835567 0.221829
vt 0.846031 0.227804
vt 0.829335 0.231637
vt 0.838742 0.238626
vt 0.821340 0.241219
vt 0.829688 0.248321
vt 0.820046 0.257452
vt 0.826513 0.265118
vt 0.812404 0.276954
vt 0.833333 0.272445
vt 0.821105 0.285860
vt 0.840858 0.279547
vt 0.830981 0.292511
vt 0.849206 0.287213
vt 0.839800 0.298373
vt 0.857201 0.295330
vt 0.847913 0.305475
vt 0.837213 0.255648
vt 0.844033 0.262976
vt 0.850852 0.270754
vt 0.857789 0.279322
vt 0.864727 0.288453
vt 0.854615 0.253732
vt 0.861552 0.262187
vt 0.868019 0.271769
vt 0.873780 0.281915
vt 0.872840 0.254746
vt 0.878366 0.265794
vt 0.883539 0.276504
vt 0.865550 0.244037
vt 0.847090 0.245953
vt 0.856614 0.235019
vt 0.911405 0.609398
vt 0.903410 0.601169
vt 0.922340 0.607031
vt 0.906114 0.590572
vt 0.963728 0.535108
vt 0.980072 0.551905
vt 0.982893 0.541083
vt 0.974898 0.532741
vt 0.627452 0.118229
vt 0.637799 0.124204
vt 0.621220 0.128037
vt 0.630627 0.135026
vt 0.613225 0.137619
vt 0.621573 0.144721
vt 0.611932 0.153852
vt 0.618281 0.161518
vt 0.604171 0.173355
vt 0.625218 0.168845
vt 0.612872 0.182260
vt 0.632743 0.175947
vt 0.622867 0.188912
vt 0.640974 0.183613
vt 0.631685 0.194774
vt 0.649087 0.191730
vt 0.639680 0.201988
vt 0.629098 0.152048
vt 0.635918 0.159376
vt 0.642737 0.167154
vt 0.649675 0.175722
vt 0.656494 0.184853
vt 0.646500 0.150132
vt 0.653319 0.158587
vt 0.659786 0.168169
vt 0.665665 0.178315
vt 0.664607 0.151147
vt 0.670251 0.162194
vt 0.675307 0.172904
vt 0.657317 0.140437
vt 0.638975 0.142354
vt 0.648499 0.131419
vt 0.766783 0.221942
vt 0.774779 0.230284
vt 0.755613 0.224422
vt 0.771957 0.241106
vt 0.703291 0.298599
vt 0.695295 0.290369
vt 0.714225 0.296344
vt 0.697882 0.279773
vt 0.974898 0.118342
vt 0.982893 0.126684
vt 0.963728 0.120822
vt 0.980072 0.137506
vt 0.969607 0.140437
vt 0.960671 0.131419
vt 0.951265 0.142354
vt 0.950089 0.124204
vt 0.942917 0.135026
vt 0.933393 0.128037
vt 0.925515 0.137619
vt 0.933863 0.144721
vt 0.941270 0.152048
vt 0.958672 0.150132
vt 0.948208 0.159376
vt 0.965609 0.158587
vt 0.954910 0.167154
vt 0.972076 0.168169
vt 0.961964 0.175722
vt 0.977955 0.178315
vt 0.968784 0.184853
vt 0.961259 0.191730
vt 0.953264 0.183613
vt 0.945033 0.175947
vt 0.937390 0.168845
vt 0.930571 0.161518
vt 0.924104 0.153852
vt 0.917402 0.145736
vt 0.916461 0.173355
vt 0.925162 0.182260
vt 0.935156 0.188912
vt 0.943857 0.194774
vt 0.951970 0.201988
vt 0.909877 0.163096
vt 0.904821 0.152725
vt 0.599233 0.194999
vt 0.591120 0.186770
vt 0.610168 0.192744
vt 0.593825 0.176173
vt 0.662726 0.118342
vt 0.670721 0.126684
vt 0.651556 0.120822
vt 0.667782 0.137506
vt 0.701644 0.266696
vt 0.696589 0.256325
vt 0.709287 0.249335
vt 0.824397 0.854250
vt 0.834744 0.860225
vt 0.818048 0.864057
vt 0.827572 0.871047
vt 0.810170 0.873752
vt 0.818518 0.880854
vt 0.808759 0.889986
vt 0.815226 0.897651
vt 0.801116 0.909488
vt 0.822045 0.904979
vt 0.809817 0.918281
vt 0.829688 0.912081
vt 0.819694 0.925045
vt 0.837919 0.919747
vt 0.828512 0.930794
vt 0.845914 0.927751
vt 0.836625 0.938009
vt 0.825925 0.888182
vt 0.832863 0.895509
vt 0.839565 0.903288
vt 0.846619 0.911855
vt 0.853439 0.920987
vt 0.843327 0.886153
vt 0.850264 0.894720
vt 0.856731 0.904190
vt 0.862610 0.914448
vt 0.861552 0.887280
vt 0.867078 0.898328
vt 0.872252 0.908924
vt 0.854262 0.876571
vt 0.835920 0.878374
vt 0.845326 0.867439
vt 0.805702 0.266696
vt 0.800764 0.256325
vt 0.813345 0.249335
vt 0.605112 0.145736
vt 0.592531 0.152725
vt 0.597587 0.163096
vt 0.768664 0.461946
vt 0.807348 0.298599
vt 0.799353 0.290369
vt 0.818283 0.296344
vt 0.801939 0.279773
vt 0.859553 0.854363
vt 0.867548 0.862705
vt 0.848383 0.856843
vt 0.864727 0.873527
vt 0.835567 0.532628
vt 0.846031 0.538603
vt 0.829335 0.542436
vt 0.838742 0.549425
vt 0.821340 0.552018
vt 0.829688 0.559120
vt 0.820046 0.568251
vt 0.826513 0.575917
vt 0.812404 0.587754
vt 0.833333 0.583245
vt 0.821105 0.596660
vt 0.840858 0.590347
vt 0.830981 0.603311
vt 0.849206 0.598012
vt 0.839800 0.609173
vt 0.857201 0.606129
vt 0.847913 0.616275
vt 0.837213 0.566448
vt 0.844033 0.573775
vt 0.850852 0.581554
vt 0.857789 0.590121
vt 0.864727 0.599252
vt 0.854615 0.564531
vt 0.861552 0.572986
vt 0.868019 0.582568
vt 0.873780 0.592714
vt 0.872840 0.565546
vt 0.878366 0.576593
vt 0.883539 0.587303
vt 0.865550 0.554836
vt 0.847090 0.556753
vt 0.856614 0.545818
vt 0.806995 0.928765
vt 0.790652 0.912194
vt 0.788065 0.922903
vt 0.796060 0.931132
vt 0.870841 0.221942
vt 0.878836 0.230284
vt 0.859671 0.224422
vt 0.876014 0.241106
vt 0.922340 0.192744
vt 0.906114 0.176173
vt 0.903410 0.186770
vt 0.911405 0.194999
vt 0.805702 0.577495
vt 0.800764 0.567124
vt 0.813345 0.560135
vt 0.870841 0.532741
vt 0.878836 0.541083
vt 0.859671 0.535108
vt 0.876014 0.551905
vt 0.928454 0.750650
vt 0.938801 0.756625
vt 0.922223 0.760570
vt 0.931629 0.767447
vt 0.914227 0.770153
vt 0.922575 0.777255
vt 0.912816 0.786386
vt 0.919283 0.794052
vt 0.905174 0.805888
vt 0.926220 0.801379
vt 0.913875 0.814681
vt 0.933745 0.808481
vt 0.923869 0.821445
vt 0.941976 0.816147
vt 0.932687 0.827194
vt 0.950089 0.824151
vt 0.940683 0.834409
vt 0.929983 0.784582
vt 0.936920 0.791910
vt 0.943622 0.799688
vt 0.950677 0.808256
vt 0.957496 0.817387
vt 0.947385 0.782553
vt 0.954322 0.791121
vt 0.960789 0.800590
vt 0.966668 0.810848
vt 0.965609 0.783680
vt 0.971136 0.794728
vt 0.976309 0.805325
vt 0.958319 0.772971
vt 0.939977 0.774775
vt 0.949501 0.763840
vt 0.807348 0.609398
vt 0.799353 0.601169
vt 0.818283 0.607031
vt 0.801939 0.590572
vt 0.779482 0.380103
vt 0.774308 0.369394
vt 0.768664 0.358346
vt 0.963728 0.750763
vt 0.971723 0.759105
vt 0.952558 0.753243
vt 0.968784 0.769927
vt 0.900118 0.827533
vt 0.892122 0.819303
vt 0.911170 0.825165
vt 0.894827 0.808594
vt 0.898589 0.795630
vt 0.893533 0.785259
vt 0.906114 0.778269
vt 0.699646 0.783680
vt 0.683302 0.767109
vt 0.680715 0.777706
vt 0.688711 0.786048
vt 0.824397 0.647163
vt 0.834744 0.653025
vt 0.818048 0.656971
vt 0.827572 0.663847
vt 0.810170 0.666553
vt 0.818518 0.673655
vt 0.808759 0.682786
vt 0.815226 0.690452
vt 0.801116 0.702289
vt 0.822045 0.697779
vt 0.809817 0.711194
vt 0.829688 0.704881
vt 0.819694 0.717845
vt 0.837919 0.712547
vt 0.828512 0.723595
vt 0.845914 0.720664
vt 0.836625 0.730809
vt 0.825925 0.680982
vt 0.832863 0.688310
vt 0.839565 0.696088
vt 0.846619 0.704656
vt 0.853439 0.713787
vt 0.843327 0.678953
vt 0.850264 0.687521
vt 0.856731 0.696990
vt 0.862610 0.707249
vt 0.861552 0.680080
vt 0.867078 0.691128
vt 0.872252 0.701725
vt 0.854262 0.669371
vt 0.835920 0.671175
vt 0.845326 0.660240
vt 0.627452 0.325429
vt 0.637799 0.331404
vt 0.621220 0.335236
vt 0.630627 0.342226
vt 0.613225 0.344819
vt 0.621573 0.351921
vt 0.611932 0.361052
vt 0.618281 0.368717
vt 0.604171 0.380554
vt 0.625218 0.376045
vt 0.612872 0.389460
vt 0.632743 0.383147
vt 0.622867 0.396111
vt 0.640974 0.390813
vt 0.631685 0.401973
vt 0.649087 0.398929
vt 0.639680 0.409075
vt 0.629098 0.359248
vt 0.635918 0.366576
vt 0.642737 0.374354
vt 0.649675 0.382922
vt 0.656494 0.392053
vt 0.646500 0.357332
vt 0.653319 0.365786
vt 0.659786 0.375369
vt 0.665665 0.385514
vt 0.664607 0.358346
vt 0.670251 0.369394
vt 0.675307 0.380103
vt 0.657317 0.347637
vt 0.638975 0.349553
vt 0.648499 0.338618
vt 0.939742 0.014629
vt 0.950089 0.020604
vt 0.933393 0.024437
vt 0.942917 0.031426
vt 0.925515 0.034019
vt 0.933863 0.041121
vt 0.924104 0.050252
vt 0.930571 0.057918
vt 0.916461 0.069755
vt 0.937390 0.065246
vt 0.925162 0.078661
vt 0.945033 0.072348
vt 0.935156 0.085312
vt 0.953264 0.080013
vt 0.943857 0.091174
vt 0.961259 0.088130
vt 0.951970 0.098389
vt 0.941270 0.048449
vt 0.948208 0.055776
vt 0.954910 0.063555
vt 0.961964 0.072235
vt 0.968784 0.081253
vt 0.958672 0.046532
vt 0.965609 0.054987
vt 0.972076 0.064569
vt 0.977955 0.074715
vt 0.976897 0.047547
vt 0.982423 0.058594
vt 0.987597 0.069304
vt 0.969607 0.036837
vt 0.951265 0.038754
vt 0.960671 0.027819
vt 0.794532 0.692030
vt 0.789476 0.681659
vt 0.802057 0.674669
vt 0.605112 0.352935
vt 0.592531 0.359924
vt 0.597587 0.370296
vt 0.651556 0.328022
vt 0.667782 0.344706
vt 0.670721 0.333884
vt 0.662726 0.325541
vt 0.928454 0.854250
vt 0.938801 0.860225
vt 0.922223 0.864057
vt 0.931629 0.871047
vt 0.914227 0.873752
vt 0.922575 0.880854
vt 0.912816 0.889986
vt 0.919283 0.897651
vt 0.905174 0.909488
vt 0.926220 0.904979
vt 0.913875 0.918281
vt 0.933745 0.912081
vt 0.923869 0.925045
vt 0.941976 0.919747
vt 0.932687 0.930794
vt 0.950089 0.927751
vt 0.940683 0.938009
vt 0.929983 0.888182
vt 0.936920 0.895509
vt 0.943622 0.903288
vt 0.950677 0.911855
vt 0.957496 0.920987
vt 0.947385 0.886153
vt 0.954322 0.894720
vt 0.960789 0.904190
vt 0.966668 0.914448
vt 0.965609 0.887280
vt 0.971136 0.898328
vt 0.976309 0.908924
vt 0.958319 0.876571
vt 0.939977 0.878374
vt 0.949501 0.867439
vt 0.796060 0.723933
vt 0.788065 0.715703
vt 0.806995 0.721565
vt 0.790652 0.704994
vt 0.731510 0.118229
vt 0.741974 0.124204
vt 0.725278 0.128037
vt 0.734684 0.135026
vt 0.717282 0.137619
vt 0.725631 0.144721
vt 0.715989 0.153852
vt 0.722456 0.161518
vt 0.708229 0.173355
vt 0.729276 0.168845
vt 0.716930 0.182260
vt 0.736801 0.175947
vt 0.726924 0.188912
vt 0.745149 0.183613
vt 0.735742 0.194774
vt 0.753144 0.191730
vt 0.743738 0.201988
vt 0.733156 0.152048
vt 0.739975 0.159376
vt 0.746795 0.167154
vt 0.753732 0.175722
vt 0.760669 0.184853
vt 0.750557 0.150132
vt 0.757377 0.158587
vt 0.763961 0.168169
vt 0.769723 0.178315
vt 0.768664 0.151147
vt 0.774308 0.162194
vt 0.779482 0.172904
vt 0.761375 0.140437
vt 0.743032 0.142354
vt 0.752556 0.131419
vt 0.898589 0.899230
vt 0.893533 0.888858
vt 0.906114 0.881869
vt 0.701644 0.163096
vt 0.696589 0.152725
vt 0.709287 0.145736
vt 0.848383 0.649643
vt 0.864727 0.666327
vt 0.867548 0.655505
vt 0.859553 0.647163
vt 0.060839 0.538152
vt 0.071186 0.544127
vt 0.054607 0.547960
vt 0.064014 0.554949
vt 0.046612 0.557655
vt 0.054960 0.564757
vt 0.045201 0.573888
vt 0.051668 0.581554
vt 0.037558 0.593390
vt 0.058487 0.588768
vt 0.046259 0.602183
vt 0.066130 0.595983
vt 0.056253 0.608835
vt 0.074360 0.603536
vt 0.065072 0.614697
vt 0.082473 0.611653
vt 0.073067 0.621911
vt 0.062367 0.571971
vt 0.069305 0.579299
vt 0.076007 0.587190
vt 0.083061 0.595758
vt 0.089881 0.604889
vt 0.079769 0.570055
vt 0.086706 0.578510
vt 0.093173 0.588092
vt 0.099052 0.598238
vt 0.097994 0.571070
vt 0.103520 0.582117
vt 0.108694 0.592827
vt 0.090704 0.560473
vt 0.072362 0.562277
vt 0.081768 0.551342
vt 0.952558 0.856843
vt 0.968784 0.873527
vt 0.971723 0.862705
vt 0.963728 0.854363
vt 0.909877 0.059496
vt 0.904821 0.049125
vt 0.917402 0.042136
vt 0.766783 0.118342
vt 0.774779 0.126684
vt 0.755613 0.120822
vt 0.771957 0.137506
vt 0.627452 0.532628
vt 0.637799 0.538603
vt 0.621220 0.542436
vt 0.630627 0.549425
vt 0.613225 0.552018
vt 0.621573 0.559120
vt 0.611932 0.568251
vt 0.618281 0.575917
vt 0.604171 0.587754
vt 0.625218 0.583245
vt 0.612872 0.596660
vt 0.632743 0.590347
vt 0.622867 0.603311
vt 0.640974 0.598012
vt 0.631685 0.609173
vt 0.649087 0.606129
vt 0.639680 0.616275
vt 0.629098 0.566448
vt 0.635918 0.573775
vt 0.642737 0.581554
vt 0.649675 0.590121
vt 0.656494 0.599252
vt 0.646500 0.564531
vt 0.653319 0.572986
vt 0.659786 0.582568
vt 0.665665 0.592714
vt 0.664607 0.565546
vt 0.670251 0.576593
vt 0.675307 0.587303
vt 0.657317 0.554836
vt 0.638975 0.556753
vt 0.648499 0.545818
vt 0.974898 0.014742
vt 0.982893 0.023084
vt 0.963728 0.017222
vt 0.980072 0.033906
vt 0.095995 0.538265
vt 0.103990 0.546607
vt 0.084825 0.540745
vt 0.101169 0.557429
vt 0.032502 0.615035
vt 0.024507 0.606693
vt 0.043437 0.612667
vt 0.027211 0.596096
vt 0.703291 0.194999
vt 0.695295 0.186770
vt 0.714225 0.192744
vt 0.697882 0.176173
vt 0.038499 0.565771
vt 0.025918 0.572648
vt 0.030974 0.583019
vt 0.922340 0.089145
vt 0.906114 0.072573
vt 0.903410 0.083170
vt 0.911405 0.091399
vt 0.627452 0.014629
vt 0.637799 0.020604
vt 0.621220 0.024437
vt 0.630627 0.031426
vt 0.613225 0.034019
vt 0.621573 0.041121
vt 0.611932 0.050252
vt 0.618281 0.057918
vt 0.604171 0.069755
vt 0.625218 0.065246
vt 0.612872 0.078661
vt 0.632743 0.072348
vt 0.622867 0.085312
vt 0.640974 0.080013
vt 0.631685 0.091174
vt 0.649087 0.088130
vt 0.639680 0.098389
vt 0.629098 0.048449
vt 0.635918 0.055776
vt 0.642737 0.063555
vt 0.649675 0.072235
vt 0.656494 0.081253
vt 0.646500 0.046532
vt 0.653319 0.054987
vt 0.659786 0.064569
vt 0.665665 0.074715
vt 0.664607 0.047547
vt 0.670251 0.058594
vt 0.675307 0.069304
vt 0.657317 0.036837
vt 0.638975 0.038754
vt 0.648499 0.027819
vt 0.599233 0.609398
vt 0.591120 0.601169
vt 0.610168 0.607031
vt 0.593825 0.590572
vt 0.662726 0.532741
vt 0.670721 0.541083
vt 0.651556 0.535108
vt 0.667782 0.551905
vt 0.599233 0.402199
vt 0.591120 0.393969
vt 0.610168 0.399831
vt 0.593825 0.383373
vt 0.597587 0.577495
vt 0.592531 0.567124
vt 0.605112 0.560135
vt 0.911170 0.928765
vt 0.894827 0.912194
vt 0.892122 0.922903
vt 0.900118 0.931132
vt 0.731510 0.532628
vt 0.741974 0.538603
vt 0.725278 0.542436
vt 0.734684 0.549425
vt 0.717282 0.552018
vt 0.725631 0.559120
vt 0.715989 0.568251
vt 0.722456 0.575917
vt 0.708229 0.587754
vt 0.729276 0.583245
vt 0.716930 0.596660
vt 0.736801 0.590347
vt 0.726924 0.603311
vt 0.745149 0.598012
vt 0.735742 0.609173
vt 0.753144 0.606129
vt 0.743738 0.616275
vt 0.733156 0.566448
vt 0.739975 0.573775
vt 0.746795 0.581554
vt 0.753732 0.590121
vt 0.760669 0.599252
vt 0.750557 0.564531
vt 0.757377 0.572986
vt 0.763961 0.582568
vt 0.769723 0.592714
vt 0.768664 0.565546
vt 0.774308 0.576593
vt 0.779482 0.587303
vt 0.761375 0.554836
vt 0.743032 0.556753
vt 0.752556 0.545818
vt 0.599233 0.091399
vt 0.591120 0.083170
vt 0.610168 0.089145
vt 0.593825 0.072573
vt 0.662726 0.014742
vt 0.670721 0.023084
vt 0.651556 0.017222
vt 0.667782 0.033906
vt 0.605112 0.042136
vt 0.592531 0.049125
vt 0.597587 0.059496
vt 0.627452 0.221829
vt 0.637799 0.227804
vt 0.621220 0.231637
vt 0.630627 0.238626
vt 0.613225 0.241219
vt 0.621573 0.248321
vt 0.611932 0.257452
vt 0.618281 0.265118
vt 0.604171 0.276954
vt 0.625218 0.272445
vt 0.612872 0.285860
vt 0.632743 0.279547
vt 0.622867 0.292511
vt 0.640974 0.287213
vt 0.631685 0.298373
vt 0.649087 0.295330
vt 0.639680 0.305475
vt 0.629098 0.255648
vt 0.635918 0.262976
vt 0.642737 0.270754
vt 0.649675 0.279322
vt 0.656494 0.288453
vt 0.646500 0.253732
vt 0.653319 0.262187
vt 0.659786 0.271769
vt 0.665665 0.281915
vt 0.664607 0.254746
vt 0.670251 0.265794
vt 0.675307 0.276504
vt 0.657317 0.244037
vt 0.638975 0.245953
vt 0.648499 0.235019
vt 0.835567 0.118229
vt 0.846031 0.124204
vt 0.829335 0.128037
vt 0.838742 0.135026
vt 0.821340 0.137619
vt 0.829688 0.144721
vt 0.820046 0.153852
vt 0.826513 0.161518
vt 0.812404 0.173355
vt 0.833333 0.168845
vt 0.821105 0.182260
vt 0.840858 0.175947
vt 0.830981 0.188912
vt 0.849206 0.183613
vt 0.839800 0.194774
vt 0.857201 0.191730
vt 0.847913 0.201988
vt 0.837213 0.152048
vt 0.844033 0.159376
vt 0.850852 0.167154
vt 0.857789 0.175722
vt 0.864727 0.184853
vt 0.854615 0.150132
vt 0.861552 0.158587
vt 0.868019 0.168169
vt 0.873780 0.178315
vt 0.872840 0.151147
vt 0.878366 0.162194
vt 0.883539 0.172904
vt 0.865550 0.140437
vt 0.847090 0.142354
vt 0.856614 0.131419
vt 0.847913 0.512675
vt 0.839800 0.505573
vt 0.857201 0.502529
vt 0.849206 0.494413
vt 0.857789 0.486521
vt 0.850852 0.477954
vt 0.868019 0.478968
vt 0.861552 0.469386
vt 0.878366 0.472994
vt 0.872840 0.461946
vt 0.830981 0.499711
vt 0.840858 0.486747
vt 0.844033 0.470175
vt 0.854615 0.460931
vt 0.865550 0.451237
vt 0.821105 0.493060
vt 0.833333 0.479645
vt 0.837213 0.462848
vt 0.847090 0.453153
vt 0.856614 0.442218
vt 0.859671 0.431621
vt 0.812404 0.484154
vt 0.826513 0.472317
vt 0.829688 0.455520
vt 0.838742 0.445825
vt 0.846031 0.435003
vt 0.829335 0.438836
vt 0.835567 0.429029
vt 0.821340 0.448418
vt 0.820046 0.464652
vt 0.805702 0.473895
vt 0.800764 0.463524
vt 0.813345 0.456535
vt 0.870841 0.429141
vt 0.878836 0.437483
vt 0.876014 0.448306
vt 0.662726 0.221942
vt 0.670721 0.230284
vt 0.651556 0.224422
vt 0.667782 0.241106
vt 0.883539 0.483703
vt 0.873780 0.489114
vt 0.864727 0.495653
vt 0.599233 0.298599
vt 0.591120 0.290369
vt 0.610168 0.296344
vt 0.593825 0.279773
vt 0.835567 0.325429
vt 0.846031 0.331404
vt 0.829335 0.335236
vt 0.838742 0.342226
vt 0.821340 0.344819
vt 0.829688 0.351921
vt 0.820046 0.361052
vt 0.826513 0.368717
vt 0.812404 0.380554
vt 0.833333 0.376045
vt 0.821105 0.389460
vt 0.840858 0.383147
vt 0.830981 0.396111
vt 0.849206 0.390813
vt 0.839800 0.401973
vt 0.857201 0.398929
vt 0.847913 0.409075
vt 0.837213 0.359248
vt 0.844033 0.366576
vt 0.850852 0.374354
vt 0.857789 0.382922
vt 0.864727 0.392053
vt 0.854615 0.357332
vt 0.861552 0.365786
vt 0.868019 0.375369
vt 0.873780 0.385514
vt 0.872840 0.358346
vt 0.878366 0.369394
vt 0.883539 0.380103
vt 0.865550 0.347637
vt 0.847090 0.349553
vt 0.856614 0.338618
vt 0.870841 0.325541
vt 0.878836 0.333884
vt 0.859671 0.328022
vt 0.876014 0.344706
vt 0.807348 0.402199
vt 0.799353 0.393969
vt 0.818283 0.399831
vt 0.801939 0.383373
vt 0.805702 0.370296
vt 0.800764 0.359924
vt 0.813345 0.352935
vt 0.703291 0.609398
vt 0.695295 0.601169
vt 0.714225 0.607031
vt 0.697882 0.590572
vt 0.701644 0.577495
vt 0.696589 0.567124
vt 0.709287 0.560135
vt 0.627452 0.429029
vt 0.637799 0.435003
vt 0.621220 0.438836
vt 0.630627 0.445825
vt 0.613225 0.448418
vt 0.621573 0.455520
vt 0.611932 0.464652
vt 0.618281 0.472317
vt 0.604171 0.484154
vt 0.625218 0.479645
vt 0.612872 0.493060
vt 0.632743 0.486747
vt 0.622867 0.499711
vt 0.640974 0.494413
vt 0.631685 0.505573
vt 0.649087 0.502529
vt 0.639680 0.512675
vt 0.629098 0.462848
vt 0.635918 0.470175
vt 0.642737 0.477954
vt 0.649675 0.486521
vt 0.656494 0.495653
vt 0.646500 0.460931
vt 0.653319 0.469386
vt 0.659786 0.478968
vt 0.665665 0.489114
vt 0.664607 0.461946
vt 0.670251 0.472994
vt 0.675307 0.483703
vt 0.657317 0.451237
vt 0.638975 0.453153
vt 0.648499 0.442218
vt 0.605112 0.249335
vt 0.592531 0.256325
vt 0.597587 0.266696
vt 0.805702 0.163096
vt 0.800764 0.152725
vt 0.813345 0.145736
vt 0.870841 0.118342
vt 0.878836 0.126684
vt 0.859671 0.120822
vt 0.876014 0.137506
vt 0.524570 0.532516
vt 0.535035 0.538490
vt 0.518339 0.542323
vt 0.527745 0.549313
vt 0.510461 0.552018
vt 0.518692 0.559120
vt 0.509050 0.568251
vt 0.515517 0.575917
vt 0.501407 0.587754
vt 0.522336 0.583245
vt 0.510108 0.596547
vt 0.529862 0.590347
vt 0.519985 0.603311
vt 0.538210 0.598012
vt 0.528803 0.609060
vt 0.546205 0.606016
vt 0.536916 0.616275
vt 0.526217 0.566448
vt 0.533036 0.573662
vt 0.539856 0.581554
vt 0.546793 0.590121
vt 0.553730 0.599252
vt 0.543618 0.564418
vt 0.550555 0.572986
vt 0.557022 0.582455
vt 0.562901 0.592601
vt 0.561843 0.565546
vt 0.567369 0.576593
vt 0.572543 0.587190
vt 0.554553 0.554836
vt 0.536093 0.556640
vt 0.545617 0.545705
vt 0.597587 0.473895
vt 0.592531 0.463524
vt 0.605112 0.456535
vt 0.599233 0.505798
vt 0.591120 0.497569
vt 0.610168 0.503431
vt 0.593825 0.486972
vt 0.651556 0.431621
vt 0.667782 0.448306
vt 0.670721 0.437483
vt 0.662726 0.429141
vt 0.807348 0.505798
vt 0.799353 0.497569
vt 0.818283 0.503431
vt 0.801939 0.486972
vt 0.494823 0.577495
vt 0.489767 0.567124
vt 0.502348 0.560135
vt 0.559844 0.532628
vt 0.567840 0.540970
vt 0.548674 0.535108
vt 0.565018 0.551793
vt 0.835567 0.014629
vt 0.846031 0.020604
vt 0.829335 0.024437
vt 0.838742 0.031426
vt 0.821340 0.034019
vt 0.829688 0.041121
vt 0.820046 0.050252
vt 0.826513 0.057918
vt 0.812404 0.069755
vt 0.833333 0.065246
vt 0.821105 0.078661
vt 0.840858 0.072348
vt 0.830981 0.085312
vt 0.849206 0.080013
vt 0.839800 0.091174
vt 0.857201 0.088130
vt 0.847913 0.098389
vt 0.837213 0.048449
vt 0.844033 0.055776
vt 0.850852 0.063555
vt 0.857789 0.072235
vt 0.864727 0.081253
vt 0.854615 0.046532
vt 0.861552 0.054987
vt 0.868019 0.064569
vt 0.873780 0.074715
vt 0.872840 0.047547
vt 0.878366 0.058594
vt 0.883539 0.069304
vt 0.865550 0.036837
vt 0.847090 0.038754
vt 0.856614 0.027819
vt 0.496352 0.609398
vt 0.488356 0.601169
vt 0.507286 0.607031
vt 0.490943 0.590459
vt 0.687065 0.754145
vt 0.682126 0.743661
vt 0.694707 0.736784
vt 0.870841 0.014742
vt 0.878836 0.023084
vt 0.859671 0.017222
vt 0.876014 0.033906
vt 0.807348 0.091399
vt 0.799353 0.083170
vt 0.818283 0.089145
vt 0.801939 0.072573
vt 0.805702 0.059496
vt 0.800764 0.049125
vt 0.813345 0.042136
vt 0.807348 0.194999
vt 0.799353 0.186770
vt 0.818283 0.192744
vt 0.801939 0.176173
vt 0.755613 0.535108
vt 0.771957 0.551905
vt 0.774779 0.541083
vt 0.766783 0.532741
vt 0.940683 0.730809
vt 0.932687 0.723595
vt 0.950089 0.720664
vt 0.941976 0.712547
vt 0.950677 0.704656
vt 0.943622 0.696088
vt 0.960789 0.696990
vt 0.954322 0.687521
vt 0.971136 0.691128
vt 0.965609 0.680080
vt 0.923869 0.717845
vt 0.933745 0.704881
vt 0.936920 0.688310
vt 0.947385 0.678953
vt 0.958319 0.669371
vt 0.913875 0.711194
vt 0.926220 0.697779
vt 0.929983 0.680982
vt 0.939977 0.671175
vt 0.949501 0.660240
vt 0.952558 0.649643
vt 0.905174 0.702289
vt 0.919283 0.690452
vt 0.922575 0.673655
vt 0.931629 0.663847
vt 0.938801 0.653025
vt 0.922223 0.656971
vt 0.928454 0.647163
vt 0.914227 0.666553
vt 0.912816 0.682786
vt 0.898589 0.692030
vt 0.893533 0.681659
vt 0.906114 0.674669
vt 0.957496 0.713787
vt 0.966668 0.707249
vt 0.976309 0.701725
vt 0.911170 0.721565
vt 0.894827 0.704994
vt 0.892122 0.715703
vt 0.900118 0.723933
vt 0.968784 0.666327
vt 0.971723 0.655505
vt 0.939742 0.221829
vt 0.950089 0.227804
vt 0.933393 0.231637
vt 0.942917 0.238626
vt 0.925515 0.241219
vt 0.933863 0.248321
vt 0.924104 0.257452
vt 0.930571 0.265118
vt 0.916461 0.276954
vt 0.937390 0.272445
vt 0.925162 0.285860
vt 0.945033 0.279547
vt 0.935156 0.292511
vt 0.953264 0.287213
vt 0.943857 0.298373
vt 0.961259 0.295330
vt 0.951970 0.305475
vt 0.941270 0.255648
vt 0.948208 0.262976
vt 0.954910 0.270754
vt 0.961964 0.279322
vt 0.968784 0.288453
vt 0.958672 0.253732
vt 0.965609 0.262187
vt 0.972076 0.271769
vt 0.977955 0.281915
vt 0.976897 0.254746
vt 0.982423 0.265794
vt 0.987597 0.276504
vt 0.969607 0.244037
vt 0.951265 0.245953
vt 0.960671 0.235019
vt 0.802057 0.881869
vt 0.789476 0.888858
vt 0.794532 0.899230
vt 0.939742 0.325429
vt 0.950089 0.331404
vt 0.933393 0.335236
vt 0.942917 0.342226
vt 0.925515 0.344819
vt 0.933863 0.351921
vt 0.924104 0.361052
vt 0.930571 0.368717
vt 0.916461 0.380554
vt 0.937390 0.376045
vt 0.925162 0.389460
vt 0.945033 0.383147
vt 0.935156 0.396111
vt 0.953264 0.390813
vt 0.943857 0.401973
vt 0.961259 0.398929
vt 0.951970 0.409075
vt 0.941270 0.359248
vt 0.948208 0.366576
vt 0.954910 0.374354
vt 0.961964 0.382922
vt 0.968784 0.392053
vt 0.958672 0.357332
vt 0.965609 0.365786
vt 0.972076 0.375369
vt 0.977955 0.385514
vt 0.976897 0.358346
vt 0.982423 0.369394
vt 0.987597 0.380103
vt 0.969607 0.347637
vt 0.951265 0.349553
vt 0.960671 0.338618
vt 0.974898 0.221942
vt 0.982893 0.230284
vt 0.963728 0.224422
vt 0.980072 0.241106
vt 0.911405 0.298599
vt 0.903410 0.290369
vt 0.922340 0.296344
vt 0.906114 0.279773
vt 0.911405 0.402199
vt 0.903410 0.393969
vt 0.922340 0.399831
vt 0.906114 0.383373
vt 0.909877 0.370296
vt 0.904821 0.359924
vt 0.917402 0.352935
vt 0.974898 0.325541
vt 0.982893 0.333884
vt 0.963728 0.328022
vt 0.980072 0.344706
vt 0.939742 0.429029
vt 0.950089 0.435003
vt 0.933393 0.438836
vt 0.942917 0.445825
vt 0.925515 0.448418
vt 0.933863 0.455520
vt 0.924104 0.464652
vt 0.930571 0.472317
vt 0.916461 0.484154
vt 0.937390 0.479645
vt 0.925162 0.493060
vt 0.945033 0.486747
vt 0.935156 0.499711
vt 0.953264 0.494413
vt 0.943857 0.505573
vt 0.961259 0.502529
vt 0.951970 0.512675
vt 0.941270 0.462848
vt 0.948208 0.470175
vt 0.954910 0.477954
vt 0.961964 0.486521
vt 0.968784 0.495653
vt 0.958672 0.460931
vt 0.965609 0.469386
vt 0.972076 0.478968
vt 0.977955 0.489114
vt 0.976897 0.461946
vt 0.982423 0.472994
vt 0.987597 0.483703
vt 0.969607 0.451237
vt 0.951265 0.453153
vt 0.960671 0.442218
vt 0.917402 0.249335
vt 0.904821 0.256325
vt 0.909877 0.266696
vt 0.963728 0.431621
vt 0.980072 0.448306
vt 0.982893 0.437483
vt 0.974898 0.429141
vt 0.917402 0.456535
vt 0.904821 0.463524
vt 0.909877 0.473895
vt 0.611814 0.732275
vt 0.622279 0.738137
vt 0.605582 0.742083
vt 0.614989 0.748959
vt 0.597587 0.751665
vt 0.605935 0.758767
vt 0.596294 0.767898
vt 0.602760 0.775564
vt 0.588533 0.787400
vt 0.609580 0.782891
vt 0.597234 0.796306
vt 0.617105 0.789993
vt 0.607229 0.802957
vt 0.625453 0.797659
vt 0.616047 0.808707
vt 0.633449 0.805776
vt 0.624042 0.815921
vt 0.613460 0.766094
vt 0.620280 0.773422
vt 0.627099 0.781200
vt 0.634037 0.789768
vt 0.640856 0.798899
vt 0.630862 0.764065
vt 0.637681 0.772633
vt 0.644148 0.782102
vt 0.650027 0.792361
vt 0.648969 0.765192
vt 0.654613 0.776240
vt 0.659786 0.786837
vt 0.641679 0.754483
vt 0.623337 0.756287
vt 0.632861 0.745352
vt 0.583595 0.809045
vt 0.575482 0.800815
vt 0.594530 0.806677
vt 0.578187 0.790106
vt 0.824397 0.750650
vt 0.834744 0.756625
vt 0.818048 0.760570
vt 0.827572 0.767447
vt 0.810170 0.770153
vt 0.818518 0.777255
vt 0.808759 0.786386
vt 0.815226 0.794052
vt 0.801116 0.805888
vt 0.822045 0.801379
vt 0.809817 0.814681
vt 0.829688 0.808481
vt 0.819694 0.821445
vt 0.837919 0.816147
vt 0.828512 0.827194
vt 0.845914 0.824151
vt 0.836625 0.834409
vt 0.825925 0.784582
vt 0.832863 0.791910
vt 0.839565 0.799688
vt 0.846619 0.808256
vt 0.853439 0.817387
vt 0.843327 0.782553
vt 0.850264 0.791121
vt 0.856731 0.800590
vt 0.862610 0.810848
vt 0.861552 0.783680
vt 0.867078 0.794728
vt 0.872252 0.805325
vt 0.854262 0.772971
vt 0.835920 0.774775
vt 0.845326 0.763840
vt 0.581949 0.777142
vt 0.576893 0.766771
vt 0.589592 0.759781
vt 0.987597 0.172904
vt 0.982423 0.162194
vt 0.976897 0.151147
vt 0.922340 0.503431
vt 0.906114 0.486972
vt 0.903410 0.497569
vt 0.911405 0.505798
vt 0.647088 0.732388
vt 0.655083 0.740617
vt 0.635918 0.734755
vt 0.652261 0.751439
vt 0.859553 0.750763
vt 0.867548 0.759105
vt 0.848383 0.753243
vt 0.864727 0.769927
vt 0.796060 0.827533
vt 0.788065 0.819303
vt 0.806995 0.825165
vt 0.790652 0.808594
vt 0.802057 0.778269
vt 0.789476 0.785259
vt 0.794532 0.795630
vt 0.631097 0.708714
vt 0.623102 0.700372
vt 0.642032 0.706347
vt 0.625688 0.689775
vt 0.636035 0.686957
vt 0.644736 0.695863
vt 0.657082 0.682448
vt 0.664607 0.689550
vt 0.667782 0.672978
vt 0.674601 0.680757
vt 0.685301 0.672189
vt 0.691768 0.681771
vt 0.702115 0.675797
vt 0.707288 0.686506
vt 0.697529 0.691917
vt 0.681538 0.689437
vt 0.672955 0.697216
vt 0.654730 0.702514
vt 0.688476 0.698568
vt 0.680951 0.705332
vt 0.663549 0.708376
vt 0.694590 0.631944
vt 0.702585 0.640286
vt 0.683420 0.634424
vt 0.699763 0.651109
vt 0.689299 0.654040
vt 0.680363 0.645021
vt 0.670839 0.655956
vt 0.669781 0.637806
vt 0.662491 0.648629
vt 0.653084 0.641639
vt 0.645089 0.651221
vt 0.653437 0.658436
vt 0.660962 0.665651
vt 0.678364 0.663734
vt 0.650262 0.675120
vt 0.643796 0.667567
vt 0.637094 0.659338
vt 0.629451 0.676699
vt 0.624513 0.666327
vt 0.696589 0.664749
vt 0.568663 0.294879
vt 0.568663 0.317425
vt 0.563372 0.295442
vt 0.563254 0.317199
vt 0.558551 0.317087
vt 0.556434 0.336025
vt 0.551143 0.334898
vt 0.542678 0.354626
vt 0.542325 0.333433
vt 0.535270 0.352484
vt 0.523865 0.349553
vt 0.528333 0.379540
vt 0.515047 0.374241
vt 0.503054 0.401860
vt 0.497527 0.367365
vt 0.485887 0.392955
vt 0.467897 0.383373
vt 0.471307 0.417079
vt 0.454611 0.405355
vt 0.438855 0.425647
vt 0.437797 0.393631
vt 0.423688 0.411781
vt 0.393352 0.383711
vt 0.407344 0.427901
vt 0.380771 0.395998
vt 0.366897 0.406482
vt 0.349143 0.378412
vt 0.351729 0.414824
vt 0.337620 0.384725
vt 0.325509 0.389347
vt 0.319630 0.371310
vt 0.312811 0.392166
vt 0.309401 0.372776
vt 0.299054 0.372438
vt 0.298819 0.365786
vt 0.288825 0.370521
vt 0.289648 0.362968
vt 0.280476 0.360375
vt 0.290471 0.357783
vt 0.281652 0.355415
vt 0.283063 0.349440
vt 0.272481 0.354288
vt 0.274010 0.348651
vt 0.265074 0.347524
vt 0.292117 0.351582
vt 0.300700 0.354288
vt 0.299289 0.360601
vt 0.308108 0.362405
vt 0.308460 0.367139
vt 0.318102 0.366463
vt 0.329389 0.367590
vt 0.338443 0.362179
vt 0.359607 0.370521
vt 0.369131 0.361390
vt 0.404287 0.369958
vt 0.413576 0.354852
vt 0.449790 0.373790
vt 0.459314 0.352822
vt 0.478362 0.359924
vt 0.489414 0.334447
vt 0.507404 0.345608
vt 0.516340 0.332869
vt 0.530214 0.332305
vt 0.530214 0.315058
vt 0.547734 0.316523
vt 0.548792 0.297359
vt 0.558904 0.295893
vt 0.554906 0.271994
vt 0.559256 0.270980
vt 0.555141 0.245164
vt 0.564900 0.270303
vt 0.561490 0.244713
vt 0.308813 0.356204
vt 0.316456 0.356430
vt 0.317044 0.362292
vt 0.325392 0.359361
vt 0.327155 0.363194
vt 0.335386 0.357783
vt 0.346556 0.355415
vt 0.353611 0.347637
vt 0.377362 0.351019
vt 0.384416 0.339746
vt 0.420983 0.338731
vt 0.426392 0.321934
vt 0.466369 0.330727
vt 0.470837 0.308181
vt 0.489767 0.310097
vt 0.505288 0.311901
vt 0.495999 0.286086
vt 0.513636 0.301417
vt 0.521631 0.294315
vt 0.535153 0.297697
vt 0.533859 0.278645
vt 0.546793 0.275263
vt 0.543030 0.248884
vt 0.549850 0.246066
vt 0.544676 0.219913
vt 0.552437 0.224196
vt 0.552319 0.214051
vt 0.559727 0.224309
vt 0.559139 0.214051
vt 0.323628 0.354062
vt 0.329977 0.349553
vt 0.333034 0.354401
vt 0.339619 0.348088
vt 0.342676 0.351131
vt 0.348790 0.343353
vt 0.359607 0.338731
vt 0.364781 0.329600
vt 0.390178 0.327683
vt 0.394293 0.315058
vt 0.429802 0.304574
vt 0.430860 0.286987
vt 0.472365 0.285184
vt 0.471072 0.262187
vt 0.492001 0.258692
vt 0.513165 0.255536
vt 0.490002 0.230847
vt 0.511872 0.231298
vt 0.513871 0.215291
vt 0.528215 0.226338
vt 0.524923 0.207850
vt 0.532566 0.203341
vt 0.516105 0.192632
vt 0.527392 0.186544
vt 0.521396 0.170424
vt 0.534330 0.182824
vt 0.527863 0.166027
vt 0.533389 0.163096
vt 0.521513 0.148667
vt 0.528921 0.149681
vt 0.527040 0.140437
vt 0.535623 0.147652
vt 0.533036 0.138183
vt 0.335621 0.343691
vt 0.340559 0.336702
vt 0.345262 0.340535
vt 0.349613 0.332193
vt 0.353611 0.334785
vt 0.357961 0.326105
vt 0.369837 0.320469
vt 0.374305 0.310999
vt 0.396997 0.301981
vt 0.397820 0.288904
vt 0.429684 0.269627
vt 0.426274 0.252717
vt 0.466839 0.239640
vt 0.459314 0.218447
vt 0.477656 0.209879
vt 0.492824 0.203003
vt 0.470484 0.184402
vt 0.494823 0.189475
vt 0.498115 0.179104
vt 0.511637 0.175384
vt 0.503289 0.162758
vt 0.513636 0.155430
vt 0.503289 0.141565
vt 0.510226 0.135252
vt 0.514576 0.131306
vt 0.499526 0.120597
vt 0.508815 0.122513
vt 0.508109 0.116313
vt 0.513283 0.123640
vt 0.514341 0.120033
vt 0.520455 0.126008
vt 0.517633 0.115185
vt 0.524688 0.121949
vt 0.344439 0.328811
vt 0.348202 0.320807
vt 0.353611 0.323851
vt 0.358431 0.316185
vt 0.363017 0.318101
vt 0.367838 0.309759
vt 0.377009 0.300966
vt 0.377597 0.290595
vt 0.396762 0.275940
vt 0.393940 0.263314
vt 0.420395 0.236597
vt 0.412283 0.221491
vt 0.448497 0.198494
vt 0.434740 0.180344
vt 0.450025 0.167380
vt 0.462254 0.156445
vt 0.435916 0.147201
vt 0.459902 0.143030
vt 0.459667 0.132095
vt 0.481184 0.138972
vt 0.471190 0.124317
vt 0.479067 0.116538
vt 0.455552 0.113833
vt 0.462254 0.104701
vt 0.438032 0.090610
vt 0.465781 0.098839
vt 0.440619 0.085086
vt 0.442971 0.079562
vt 0.412400 0.069078
vt 0.414634 0.063329
vt 0.385004 0.045969
vt 0.417338 0.056678
vt 0.386180 0.040219
vt 0.352788 0.313028
vt 0.357491 0.305588
vt 0.363135 0.308406
vt 0.366544 0.300290
vt 0.371130 0.300741
vt 0.371718 0.291271
vt 0.375715 0.280449
vt 0.372188 0.270754
vt 0.389472 0.251252
vt 0.383358 0.239866
vt 0.401936 0.207738
vt 0.389707 0.195450
vt 0.418397 0.164336
vt 0.399937 0.150583
vt 0.411930 0.133222
vt 0.423335 0.115524
vt 0.389237 0.120935
vt 0.398291 0.102334
vt 0.371953 0.092076
vt 0.405816 0.085988
vt 0.377832 0.074377
vt 0.381830 0.060398
vt 0.348672 0.066147
vt 0.351847 0.049914
vt 0.320336 0.048449
vt 0.353728 0.038754
vt 0.321512 0.039656
vt 0.321276 0.035597
vt 0.288707 0.045856
vt 0.288237 0.042023
vt 0.256373 0.044954
vt 0.286943 0.036274
vt 0.255550 0.038979
vt 0.360665 0.298599
vt 0.361724 0.291384
vt 0.367485 0.291722
vt 0.364898 0.282929
vt 0.369013 0.281915
vt 0.364663 0.273234
vt 0.368073 0.261398
vt 0.363605 0.252492
vt 0.375715 0.229495
vt 0.366779 0.220138
vt 0.375833 0.184853
vt 0.360548 0.176173
vt 0.379831 0.139423
vt 0.358314 0.130630
vt 0.365369 0.111353
vt 0.340442 0.104589
vt 0.344792 0.084861
vt 0.316926 0.080352
vt 0.318690 0.062202
vt 0.288472 0.061638
vt 0.288589 0.051154
vt 0.257196 0.053522
vt 0.256726 0.049012
vt 0.228389 0.050591
vt 0.228036 0.046081
vt 0.206990 0.046420
vt 0.227919 0.039881
vt 0.207107 0.039768
vt 0.359607 0.284056
vt 0.355257 0.277067
vt 0.360430 0.274925
vt 0.355962 0.267260
vt 0.360430 0.265118
vt 0.356433 0.256888
vt 0.358431 0.243699
vt 0.352200 0.235582
vt 0.356433 0.212134
vt 0.345027 0.205370
vt 0.344204 0.169184
vt 0.327038 0.164336
vt 0.335974 0.124429
vt 0.313046 0.120709
vt 0.314927 0.100418
vt 0.289177 0.099065
vt 0.288707 0.078886
vt 0.260370 0.080352
vt 0.258136 0.063216
vt 0.231799 0.066035
vt 0.229330 0.056002
vt 0.209341 0.058933
vt 0.207342 0.051943
vt 0.189000 0.053183
vt 0.192175 0.045856
vt 0.183003 0.044616
vt 0.192292 0.038979
vt 0.182298 0.038190
vt 0.350671 0.269965
vt 0.346321 0.262412
vt 0.351965 0.259594
vt 0.348202 0.251477
vt 0.352552 0.248546
vt 0.347614 0.240430
vt 0.344439 0.228818
vt 0.335386 0.223294
vt 0.332682 0.200072
vt 0.319865 0.196239
vt 0.309283 0.161405
vt 0.291529 0.160391
vt 0.289883 0.119469
vt 0.266720 0.120822
vt 0.263310 0.100530
vt 0.235444 0.102785
vt 0.236149 0.081930
vt 0.220276 0.079901
vt 0.213339 0.068402
vt 0.198054 0.076406
vt 0.192998 0.062878
vt 0.176772 0.068740
vt 0.173362 0.060398
vt 0.171246 0.054649
vt 0.157371 0.066598
vt 0.161957 0.058031
vt 0.156431 0.057354
vt 0.164073 0.053747
vt 0.161016 0.051943
vt 0.167953 0.047209
vt 0.156783 0.047772
vt 0.164779 0.042248
vt 0.342558 0.254521
vt 0.338678 0.247193
vt 0.343852 0.243699
vt 0.337855 0.237386
vt 0.340795 0.233891
vt 0.332564 0.228818
vt 0.325744 0.219011
vt 0.315515 0.215967
vt 0.306579 0.193984
vt 0.293175 0.193308
vt 0.273892 0.161631
vt 0.256608 0.165013
vt 0.244027 0.125106
vt 0.222275 0.132208
vt 0.213809 0.114509
vt 0.207342 0.099741
vt 0.187707 0.120484
vt 0.193821 0.097148
vt 0.183474 0.093316
vt 0.180534 0.079675
vt 0.167483 0.086890
vt 0.161369 0.075955
vt 0.147612 0.085424
vt 0.143615 0.078773
vt 0.140205 0.074039
vt 0.130093 0.090497
vt 0.129270 0.082268
vt 0.121392 0.085988
vt 0.125155 0.076293
vt 0.117630 0.080352
vt 0.333505 0.241557
vt 0.327155 0.237386
vt 0.330448 0.232538
vt 0.322099 0.228931
vt 0.323628 0.224873
vt 0.314222 0.222054
vt 0.304933 0.214163
vt 0.294351 0.213712
vt 0.279889 0.194323
vt 0.266955 0.196915
vt 0.240147 0.170536
vt 0.224744 0.178315
vt 0.201816 0.142354
vt 0.183239 0.155205
vt 0.170070 0.139761
vt 0.159370 0.127022
vt 0.149611 0.152838
vt 0.145731 0.128488
vt 0.134796 0.128262
vt 0.142791 0.107182
vt 0.127977 0.116651
vt 0.122568 0.109323
vt 0.116571 0.131757
vt 0.108694 0.124542
vt 0.092703 0.145285
vt 0.103520 0.118567
vt 0.086941 0.139648
vt 0.081415 0.136379
vt 0.071068 0.161067
vt 0.066483 0.158136
vt 0.052961 0.179329
vt 0.060486 0.155430
vt 0.047670 0.177864
vt 0.319748 0.234342
vt 0.311635 0.232200
vt 0.313281 0.226451
vt 0.304227 0.224985
vt 0.304580 0.220363
vt 0.294821 0.220025
vt 0.283769 0.214501
vt 0.273539 0.216756
vt 0.254492 0.201086
vt 0.242969 0.206948
vt 0.210752 0.188122
vt 0.198171 0.199846
vt 0.167013 0.170762
vt 0.153138 0.188799
vt 0.135619 0.176511
vt 0.117512 0.164449
vt 0.120099 0.199283
vt 0.104108 0.184515
vt 0.093056 0.195675
vt 0.088470 0.176173
vt 0.079064 0.192744
vt 0.066600 0.186770
vt 0.076477 0.210669
vt 0.059428 0.204694
vt 0.057194 0.222393
vt 0.049199 0.201086
vt 0.048258 0.220363
vt 0.042732 0.219800
vt 0.047552 0.241670
vt 0.041086 0.241444
vt 0.035795 0.270191
vt 0.033678 0.241444
vt 0.029210 0.270303
vt 0.303287 0.231073
vt 0.295174 0.230735
vt 0.295174 0.224535
vt 0.286355 0.225098
vt 0.285180 0.220589
vt 0.275773 0.222956
vt 0.264133 0.221040
vt 0.255432 0.226451
vt 0.232387 0.214276
vt 0.222863 0.223069
vt 0.187589 0.213374
vt 0.178771 0.228367
vt 0.142086 0.208752
vt 0.133385 0.230171
vt 0.115513 0.223633
vt 0.100581 0.218560
vt 0.104931 0.245953
vt 0.090351 0.227127
vt 0.081415 0.232538
vt 0.068952 0.226225
vt 0.067306 0.244488
vt 0.055430 0.242571
vt 0.050610 0.270191
vt 0.041203 0.270078
vt 0.036147 0.302093
vt 0.032032 0.302206
vt 0.033443 0.332644
vt 0.026976 0.302319
vt 0.027682 0.332644
vt 0.287296 0.231186
vt 0.279771 0.232989
vt 0.277772 0.227353
vt 0.269777 0.231862
vt 0.267425 0.227691
vt 0.259900 0.233328
vt 0.247319 0.232538
vt 0.239559 0.238964
vt 0.214632 0.233102
vt 0.207930 0.244262
vt 0.172069 0.244601
vt 0.167483 0.261623
vt 0.127506 0.252492
vt 0.124332 0.275376
vt 0.103873 0.273460
vt 0.083414 0.271994
vt 0.103403 0.299162
vt 0.083179 0.300064
vt 0.085883 0.328247
vt 0.064014 0.300966
vt 0.067071 0.330953
vt 0.050492 0.332305
vt 0.073537 0.360488
vt 0.058370 0.362630
vt 0.069657 0.393406
vt 0.044966 0.364659
vt 0.059193 0.395886
vt 0.050845 0.398817
vt 0.071421 0.425421
vt 0.058252 0.417981
vt 0.059428 0.425872
vt 0.050962 0.413133
vt 0.049669 0.417305
vt 0.040968 0.403439
vt 0.046024 0.420799
vt 0.036265 0.406257
vt 0.272364 0.237048
vt 0.265779 0.242346
vt 0.262604 0.237499
vt 0.255902 0.243022
vt 0.252728 0.239077
vt 0.245556 0.244488
vt 0.232034 0.245953
vt 0.225567 0.253957
vt 0.202874 0.256437
vt 0.199465 0.269176
vt 0.165014 0.279209
vt 0.164661 0.296908
vt 0.123744 0.298373
vt 0.125978 0.321370
vt 0.105872 0.324865
vt 0.111280 0.350004
vt 0.091762 0.355866
vt 0.100698 0.382583
vt 0.083179 0.389460
vt 0.093408 0.414374
vt 0.081415 0.420461
vt 0.091292 0.439062
vt 0.083179 0.444022
vt 0.077653 0.447516
vt 0.091880 0.460706
vt 0.083061 0.460931
vt 0.084707 0.470175
vt 0.076007 0.463750
vt 0.078593 0.473106
vt 0.259312 0.247983
vt 0.252845 0.253281
vt 0.249083 0.248208
vt 0.241675 0.253055
vt 0.237795 0.250012
vt 0.230976 0.256776
vt 0.221334 0.263427
vt 0.219218 0.273685
vt 0.197701 0.282366
vt 0.197466 0.295781
vt 0.166425 0.314607
vt 0.170187 0.331742
vt 0.130916 0.344029
vt 0.138441 0.365674
vt 0.119628 0.374354
vt 0.129152 0.400395
vt 0.108576 0.405581
vt 0.110928 0.421250
vt 0.101169 0.431509
vt 0.113632 0.443684
vt 0.101169 0.453266
vt 0.112574 0.466681
vt 0.105166 0.473445
vt 0.099640 0.478630
vt 0.117042 0.487649
vt 0.106930 0.487310
vt 0.108811 0.493398
vt 0.101639 0.487198
vt 0.101404 0.491031
vt 0.093291 0.485394
vt 0.099170 0.496216
vt 0.089881 0.490129
vt 0.245908 0.257903
vt 0.239912 0.262638
vt 0.234973 0.258805
vt 0.230858 0.266470
vt 0.226860 0.265230
vt 0.225214 0.274813
vt 0.218865 0.284169
vt 0.219453 0.294766
vt 0.198877 0.308970
vt 0.201816 0.321934
vt 0.176066 0.348313
vt 0.183944 0.363870
vt 0.148670 0.386191
vt 0.161487 0.405017
vt 0.146436 0.417643
vt 0.133855 0.427901
vt 0.159488 0.440640
vt 0.135031 0.441429
vt 0.134443 0.452364
vt 0.122098 0.459353
vt 0.133032 0.469612
vt 0.124449 0.479645
vt 0.137500 0.490467
vt 0.132445 0.498245
vt 0.129740 0.504446
vt 0.147024 0.508729
vt 0.144438 0.514817
vt 0.159605 0.525977
vt 0.141263 0.521468
vt 0.157371 0.532065
vt 0.236149 0.268725
vt 0.234856 0.276165
vt 0.229447 0.275376
vt 0.230270 0.284846
vt 0.225685 0.284620
vt 0.226978 0.294315
vt 0.220158 0.305250
vt 0.221687 0.315734
vt 0.206167 0.334335
vt 0.212046 0.346059
vt 0.193821 0.378187
vt 0.205579 0.390925
vt 0.177007 0.421701
vt 0.194526 0.436018
vt 0.183121 0.452026
vt 0.173832 0.465328
vt 0.201463 0.468033
vt 0.179006 0.477616
vt 0.181828 0.487761
vt 0.159488 0.486747
vt 0.172186 0.498696
vt 0.165249 0.510646
vt 0.189588 0.505122
vt 0.183474 0.519777
vt 0.210987 0.525414
vt 0.179946 0.530486
vt 0.208283 0.534996
vt 0.207107 0.540520
vt 0.240382 0.538829
vt 0.239324 0.544578
vt 0.271070 0.552469
vt 0.238501 0.551680
vt 0.270482 0.558782
vt 0.235796 0.284958
vt 0.237678 0.293864
vt 0.231681 0.294090
vt 0.232269 0.303221
vt 0.227331 0.303897
vt 0.227919 0.313705
vt 0.224391 0.325880
vt 0.228507 0.335575
vt 0.219453 0.356881
vt 0.228271 0.366463
vt 0.218983 0.401860
vt 0.233798 0.410992
vt 0.214162 0.447629
vt 0.235209 0.456760
vt 0.227919 0.476037
vt 0.221217 0.494751
vt 0.252845 0.482914
vt 0.248495 0.501627
vt 0.276361 0.506700
vt 0.244850 0.518086
vt 0.274362 0.524286
vt 0.272716 0.538265
vt 0.300465 0.529021
vt 0.300230 0.544352
vt 0.320688 0.543676
vt 0.299642 0.554611
vt 0.320453 0.553145
vt 0.320336 0.557655
vt 0.338208 0.549087
vt 0.338561 0.554724
vt 0.356080 0.553033
vt 0.338913 0.561149
vt 0.355727 0.560135
vt 0.238618 0.302770
vt 0.239089 0.311676
vt 0.232739 0.312465
vt 0.234268 0.321596
vt 0.229800 0.323287
vt 0.233092 0.332531
vt 0.234033 0.344480
vt 0.240970 0.352371
vt 0.238383 0.374692
vt 0.249436 0.381456
vt 0.249788 0.418094
vt 0.266602 0.423054
vt 0.257313 0.463186
vt 0.280124 0.466906
vt 0.278360 0.487085
vt 0.305991 0.491369
vt 0.300112 0.511322
vt 0.314927 0.517071
vt 0.319042 0.530712
vt 0.335739 0.525752
vt 0.337620 0.540632
vt 0.354434 0.538265
vt 0.355845 0.546720
vt 0.374305 0.545254
vt 0.370307 0.553033
vt 0.379360 0.554949
vt 0.369484 0.560360
vt 0.379008 0.561713
vt 0.240382 0.320018
vt 0.242616 0.327796
vt 0.236972 0.330163
vt 0.240970 0.338167
vt 0.237795 0.341098
vt 0.244145 0.348426
vt 0.249436 0.358459
vt 0.258842 0.363081
vt 0.261429 0.386754
vt 0.273892 0.390475
vt 0.283769 0.425872
vt 0.301288 0.426548
vt 0.303287 0.467808
vt 0.325980 0.466004
vt 0.329507 0.485169
vt 0.332211 0.500951
vt 0.356080 0.485281
vt 0.344675 0.506475
vt 0.353611 0.512562
vt 0.353140 0.526541
vt 0.367485 0.522370
vt 0.371012 0.534770
vt 0.387473 0.529134
vt 0.391236 0.538378
vt 0.393587 0.545367
vt 0.408990 0.533079
vt 0.404640 0.542549
vt 0.410636 0.543563
vt 0.402053 0.547283
vt 0.405228 0.549200
vt 0.396527 0.554047
vt 0.408638 0.553484
vt 0.399114 0.559120
vt 0.245908 0.334785
vt 0.250611 0.340647
vt 0.246614 0.344931
vt 0.254256 0.349891
vt 0.252258 0.353837
vt 0.261546 0.357332
vt 0.268836 0.366012
vt 0.278830 0.368267
vt 0.286826 0.392616
vt 0.299877 0.393293
vt 0.318572 0.424970
vt 0.335503 0.421025
vt 0.348202 0.461044
vt 0.369366 0.452928
vt 0.377832 0.470739
vt 0.385004 0.485507
vt 0.400877 0.463073
vt 0.398408 0.487085
vt 0.408755 0.489903
vt 0.396409 0.508617
vt 0.413223 0.503431
vt 0.419337 0.514591
vt 0.427803 0.491594
vt 0.436504 0.502416
vt 0.458844 0.483027
vt 0.444264 0.511773
vt 0.467780 0.490016
vt 0.474364 0.496103
vt 0.494235 0.467357
vt 0.490355 0.482350
vt 0.498586 0.478630
vt 0.487768 0.490692
vt 0.492354 0.490354
vt 0.481654 0.503769
vt 0.497527 0.493172
vt 0.486122 0.507377
vt 0.257196 0.344931
vt 0.263075 0.352935
vt 0.271188 0.359023
vt 0.389237 0.441880
vt 0.420748 0.443909
vt 0.434623 0.459691
vt 0.454258 0.439400
vt 0.469073 0.451575
vt 0.487533 0.427676
vt 0.502348 0.435792
vt 0.518104 0.409301
vt 0.528568 0.414148
vt 0.536799 0.383034
vt 0.541619 0.384838
vt 0.548439 0.356430
vt 0.555259 0.358459
vt 0.562901 0.337491
vt 0.532566 0.415614
vt 0.519397 0.443007
vt 0.513400 0.441091
vt 0.482360 0.460030
vt 0.447791 0.473557
vt 0.417691 0.476826
vt 0.537739 0.416966
vt 0.547381 0.386416
vt 0.525746 0.444924
vt 0.513165 0.467244
vt 0.505993 0.464764
vt 0.504817 0.481110
vt 0.169835 0.051042
vt 0.175714 0.048336
vt 0.175831 0.044616
vt 0.173950 0.038867
vt 0.180064 0.049914
vt 0.478480 0.500838
vt 0.468485 0.509631
vt 0.468838 0.514366
vt 0.472365 0.518988
vt 0.456140 0.518650
vt 0.459079 0.524737
vt 0.445910 0.528683
vt 0.442971 0.521468
vt 0.428861 0.528345
vt 0.424863 0.522595
vt 0.403817 0.522595
vt 0.381830 0.518424
vt 0.373717 0.506700
vt 0.362782 0.506588
vt 0.377949 0.496893
vt 0.160193 0.465102
vt 0.149611 0.466793
vt 0.144202 0.457211
vt 0.143732 0.479870
vt 0.151375 0.500275
vt 0.161369 0.520453
vt 0.178771 0.535447
vt 0.177595 0.541083
vt 0.206284 0.546832
vt 0.531508 0.252379
vt 0.538092 0.223182
vt 0.538445 0.200974
vt 0.543266 0.199734
vt 0.541267 0.188686
vt 0.545264 0.192068
vt 0.543618 0.182824
vt 0.547969 0.189362
vt 0.553260 0.186544
vt 0.551261 0.198043
vt 0.557022 0.196126
vt 0.559021 0.205821
vt 0.547028 0.199057
vt 0.548909 0.205821
vt 0.546911 0.210218
vt 0.552789 0.206836
vt 0.071421 0.451237
vt 0.064484 0.439174
vt 0.069422 0.434440
vt 0.055665 0.430156
vt 0.242146 0.530374
vt 0.215455 0.511660
vt 0.197701 0.488889
vt 0.388179 0.562164
vt 0.387003 0.556302
vt 0.387944 0.552356
vt 0.395116 0.550102
vt 0.383241 0.549989
vt 0.039440 0.199170
vt 0.044613 0.199959
vt 0.057547 0.181246
vt 0.077770 0.167493
vt 0.102109 0.153627
vt 0.129505 0.143255
vt 0.459784 0.511097
vt 0.321982 0.509519
vt 0.097288 0.205483
vt 0.036265 0.219574
vt 0.151492 0.053522
vt 0.145378 0.060398
vt 0.150552 0.064569
vt 0.135502 0.068966
vt 0.320688 0.562953
vt 0.299289 0.563178
vt 0.299289 0.558444
vt 0.271658 0.547509
vt 0.044966 0.401522
vt 0.040615 0.388784
vt 0.036147 0.387093
vt 0.030151 0.388896
vt 0.036147 0.373790
vt 0.029328 0.374354
vt 0.029093 0.358121
vt 0.036147 0.358008
vt 0.038734 0.332756
vt 0.047317 0.301530
vt 0.064719 0.270754
vt 0.084002 0.247870
vt 0.042026 0.379991
vt 0.540091 0.160503
vt 0.545029 0.172340
vt 0.538798 0.175722
vt 0.549262 0.179555
vt 0.475422 0.159940
vt 0.486122 0.161292
vt 0.489532 0.172002
vt 0.494941 0.150132
vt 0.491766 0.128262
vt 0.483888 0.110113
vt 0.486710 0.104251
vt 0.468133 0.093203
vt 0.470954 0.086552
vt 0.446028 0.072460
vt 0.489414 0.097712
vt 0.502466 0.105603
vt 0.499644 0.112029
vt 0.510931 0.110676
vt 0.163368 0.114058
vt 0.164896 0.103461
vt 0.175831 0.101094
vt 0.154432 0.094105
vt 0.134914 0.096810
vt 0.118100 0.104589
vt 0.114220 0.101207
vt 0.105989 0.108873
vt 0.106342 0.104025
vt 0.099287 0.110113
vt 0.102579 0.103349
vt 0.097053 0.100418
vt 0.107753 0.096021
vt 0.102932 0.092301
vt 0.110457 0.084861
vt 0.111280 0.098839
vt 0.116101 0.093428
vt 0.121157 0.092414
vt 0.114573 0.089596
vt 0.432741 0.100079
vt 0.410166 0.075391
vt 0.383946 0.051154
vt 0.353728 0.034808
vt 0.353493 0.030412
vt 0.320218 0.030975
vt 0.121275 0.423392
vt 0.530214 0.130179
vt 0.525041 0.133335
vt 0.521513 0.134012
vt 0.517398 0.128826
vt 0.521513 0.138746
vt 0.095995 0.482125
vt 0.090822 0.476714
vt 0.086941 0.477841
vt 0.082238 0.481561
vt 0.090939 0.471303
vt 0.092938 0.107294
vt 0.086824 0.115862
vt 0.093761 0.119018
vt 0.074713 0.133110
vt 0.516575 0.279435
vt 0.510814 0.324076
vt 0.215338 0.089145
vt 0.414869 0.547960
vt 0.421336 0.541872
vt 0.416986 0.536574
vt 0.432506 0.534770
vt 0.444617 0.127135
vt 0.107047 0.499485
vt 0.115278 0.503431
vt 0.117512 0.496554
vt 0.126918 0.511097
vt 0.504112 0.210556
vt 0.939742 0.118229
vt 0.731510 0.429029
vt 0.743738 0.512675
vt 0.731510 0.325429
vt 0.963728 0.647163
vt 0.659316 0.631832
vt 0.671662 0.715591
vt 0.034349 0.648929
vt 0.059322 0.648929
vt 0.034349 0.674703
vt 0.059322 0.674703
vt 0.034349 0.700278
vt 0.059322 0.700278
vt 0.034349 0.724262
vt 0.059322 0.724262
vt 0.034349 0.746694
vt 0.059322 0.746694
vt 0.034349 0.769087
vt 0.059322 0.769087
vt 0.034349 0.792912
vt 0.059322 0.792912
vt 0.034349 0.818766
vt 0.059322 0.818766
vt 0.083717 0.648929
vt 0.083717 0.674703
vt 0.083717 0.700278
vt 0.083717 0.724262
vt 0.083717 0.746694
vt 0.083717 0.769087
vt 0.083717 0.792912
vt 0.083717 0.818766
vt 0.106959 0.648929
vt 0.106959 0.674703
vt 0.106959 0.700278
vt 0.106959 0.724262
vt 0.106959 0.746694
vt 0.106959 0.769087
vt 0.106959 0.792912
vt 0.106959 0.818766
vt 0.129047 0.648929
vt 0.129047 0.674703
vt 0.129047 0.700278
vt 0.129047 0.724262
vt 0.129047 0.746694
vt 0.129047 0.769087
vt 0.129047 0.792912
vt 0.129047 0.818766
vt 0.150063 0.648929
vt 0.150063 0.674703
vt 0.150063 0.700278
vt 0.150063 0.724262
vt 0.150063 0.746694
vt 0.150063 0.769087
vt 0.150063 0.792912
vt 0.150063 0.818766
vt 0.170420 0.648929
vt 0.170420 0.674703
vt 0.170420 0.700278
vt 0.170420 0.724262
vt 0.170420 0.746694
vt 0.170420 0.769087
vt 0.170420 0.792912
vt 0.170420 0.818766
vt 0.190283 0.648929
vt 0.190283 0.674703
vt 0.190283 0.700278
vt 0.190283 0.724262
vt 0.190283 0.746694
vt 0.190283 0.769087
vt 0.190283 0.792912
vt 0.190283 0.818766
vt 0.209898 0.648929
vt 0.209898 0.674703
vt 0.209898 0.700278
vt 0.209898 0.724262
vt 0.209898 0.746694
vt 0.209898 0.769087
vt 0.209898 0.792912
vt 0.209898 0.818766
vt 0.229348 0.648929
vt 0.229348 0.674703
vt 0.229348 0.700278
vt 0.229348 0.724262
vt 0.229348 0.746694
vt 0.229348 0.769087
vt 0.229348 0.792912
vt 0.229348 0.818766
vt 0.248716 0.648929
vt 0.248716 0.674703
vt 0.248716 0.700278
vt 0.248716 0.724262
vt 0.248716 0.746694
vt 0.248716 0.769087
vt 0.248716 0.792912
vt 0.248716 0.818766
vt 0.268002 0.648929
vt 0.268002 0.674703
vt 0.268002 0.700278
vt 0.268002 0.724262
vt 0.268002 0.746694
vt 0.268002 0.769087
vt 0.268002 0.792912
vt 0.268002 0.818766
vt 0.287040 0.648929
vt 0.287040 0.674703
vt 0.287040 0.700278
vt 0.287040 0.724262
vt 0.287040 0.746694
vt 0.287040 0.769087
vt 0.287040 0.792912
vt 0.287040 0.818766
vt 0.305996 0.648929
vt 0.305996 0.674703
vt 0.305996 0.700278
vt 0.305996 0.724262
vt 0.305996 0.746694
vt 0.305996 0.769087
vt 0.305996 0.792912
vt 0.305996 0.818766
vt 0.324787 0.648929
vt 0.324787 0.674703
vt 0.324787 0.700278
vt 0.324787 0.724262
vt 0.324787 0.746694
vt 0.324787 0.769087
vt 0.324787 0.792912
vt 0.324787 0.818766
vt 0.343578 0.648929
vt 0.343578 0.674703
vt 0.343578 0.700278
vt 0.343578 0.724262
vt 0.343578 0.746694
vt 0.343578 0.769087
vt 0.343578 0.792912
vt 0.343578 0.818766
vt 0.362452 0.648929
vt 0.362452 0.674703
vt 0.362452 0.700278
vt 0.362452 0.724262
vt 0.362452 0.746694
vt 0.362452 0.769087
vt 0.362452 0.792912
vt 0.362452 0.818766
vt 0.381738 0.648929
vt 0.381738 0.674703
vt 0.381738 0.700278
vt 0.381738 0.724262
vt 0.381738 0.746694
vt 0.381738 0.769087
vt 0.381738 0.792912
vt 0.381738 0.818766
vt 0.401765 0.648929
vt 0.401765 0.674703
vt 0.401765 0.700278
vt 0.401765 0.724262
vt 0.401765 0.746694
vt 0.401765 0.769087
vt 0.401765 0.792912
vt 0.401765 0.818766
vt 0.422781 0.648929
vt 0.422781 0.674703
vt 0.422781 0.700278
vt 0.422781 0.724262
vt 0.422781 0.746694
vt 0.422781 0.769087
vt 0.422781 0.792912
vt 0.422781 0.818766
vt 0.445116 0.648929
vt 0.445116 0.674703
vt 0.445116 0.700278
vt 0.445116 0.724262
vt 0.445116 0.746694
vt 0.445116 0.769087
vt 0.445116 0.792912
vt 0.445116 0.818766
vt 0.468770 0.648929
vt 0.468770 0.674703
vt 0.468770 0.700278
vt 0.468770 0.724262
vt 0.468770 0.746694
vt 0.468770 0.769087
vt 0.468770 0.792912
vt 0.468770 0.818766
vt 0.493825 0.648929
vt 0.493825 0.674703
vt 0.493825 0.700278
vt 0.493825 0.724262
vt 0.493825 0.746694
vt 0.493825 0.769087
vt 0.493825 0.792912
vt 0.493825 0.818766
vt 0.520199 0.648929
vt 0.520199 0.674703
vt 0.520199 0.700278
vt 0.520199 0.724262
vt 0.520199 0.746694
vt 0.520199 0.769087
vt 0.520199 0.792912
vt 0.520199 0.818766
vt 0.551023 0.648929
vt 0.551023 0.674703
vt 0.551023 0.700278
vt 0.551023 0.724262
vt 0.551023 0.746694
vt 0.551023 0.769087
vt 0.551023 0.792912
vt 0.551023 0.818766
vt 0.699044 0.974721
vt 0.671434 0.974721
vt 0.699044 0.950936
vt 0.671434 0.950936
vt 0.671434 0.929895
vt 0.646050 0.929895
vt 0.646050 0.912116
vt 0.619182 0.912116
vt 0.646050 0.896803
vt 0.619182 0.896803
vt 0.619182 0.882962
vt 0.591407 0.882962
vt 0.591407 0.864148
vt 0.562973 0.864148
vt 0.591407 0.840681
vt 0.562973 0.840681
vt 0.646050 0.974721
vt 0.646050 0.950936
vt 0.619182 0.929895
vt 0.591407 0.912116
vt 0.591407 0.896803
vt 0.562973 0.882962
vt 0.534292 0.864148
vt 0.534292 0.840681
vt 0.619182 0.974721
vt 0.619182 0.950936
vt 0.591407 0.929895
vt 0.562973 0.912116
vt 0.562973 0.896803
vt 0.534292 0.882962
vt 0.505281 0.864148
vt 0.505281 0.840681
vt 0.591407 0.974721
vt 0.591407 0.950936
vt 0.562973 0.929895
vt 0.534292 0.912116
vt 0.534292 0.896803
vt 0.505281 0.882962
vt 0.476270 0.864148
vt 0.476270 0.840681
vt 0.562973 0.974721
vt 0.562973 0.950936
vt 0.534292 0.929895
vt 0.505281 0.912116
vt 0.505281 0.896803
vt 0.476270 0.882962
vt 0.447177 0.864148
vt 0.447177 0.840681
vt 0.534292 0.974721
vt 0.534292 0.950936
vt 0.505281 0.929895
vt 0.476270 0.912116
vt 0.476270 0.896803
vt 0.447177 0.882962
vt 0.418084 0.864148
vt 0.418084 0.840681
vt 0.505281 0.974721
vt 0.505281 0.950936
vt 0.476270 0.929895
vt 0.447177 0.912116
vt 0.447177 0.896803
vt 0.418084 0.882962
vt 0.388990 0.864148
vt 0.388990 0.840681
vt 0.476270 0.974721
vt 0.476270 0.950936
vt 0.447177 0.929895
vt 0.418084 0.912116
vt 0.418084 0.896803
vt 0.388990 0.882962
vt 0.359897 0.864148
vt 0.359897 0.840681
vt 0.447177 0.974721
vt 0.447177 0.950936
vt 0.418084 0.929895
vt 0.388990 0.912116
vt 0.388990 0.896803
vt 0.359897 0.882962
vt 0.330886 0.864148
vt 0.330886 0.840681
vt 0.418084 0.974721
vt 0.418084 0.950936
vt 0.388990 0.929895
vt 0.359897 0.912116
vt 0.359897 0.896803
vt 0.330886 0.882962
vt 0.301875 0.864148
vt 0.301875 0.840681
vt 0.388990 0.974721
vt 0.388990 0.950936
vt 0.359897 0.929895
vt 0.330886 0.912116
vt 0.330886 0.896803
vt 0.301875 0.882962
vt 0.272947 0.864148
vt 0.272947 0.840681
vt 0.359897 0.974721
vt 0.359897 0.950936
vt 0.330886 0.929895
vt 0.301875 0.912116
vt 0.301875 0.896803
vt 0.272947 0.882962
vt 0.244101 0.864148
vt 0.244101 0.840681
vt 0.330886 0.974721
vt 0.330886 0.950936
vt 0.301875 0.929895
vt 0.272947 0.912116
vt 0.272947 0.896803
vt 0.244101 0.882962
vt 0.215255 0.864148
vt 0.215255 0.840681
vt 0.301875 0.974721
vt 0.301875 0.950936
vt 0.272947 0.929895
vt 0.244101 0.912116
vt 0.244101 0.896803
vt 0.215255 0.882962
vt 0.186491 0.864148
vt 0.186491 0.840681
vt 0.272947 0.974721
vt 0.272947 0.950936
vt 0.244101 0.929895
vt 0.215255 0.912116
vt 0.215255 0.896803
vt 0.186491 0.882962
vt 0.157893 0.864148
vt 0.157893 0.840681
vt 0.244101 0.974721
vt 0.244101 0.950936
vt 0.215255 0.929895
vt 0.186491 0.912116
vt 0.186491 0.896803
vt 0.157893 0.882962
vt 0.129623 0.864148
vt 0.129623 0.840681
vt 0.215255 0.974721
vt 0.215255 0.950936
vt 0.186491 0.929895
vt 0.157893 0.912116
vt 0.157893 0.896803
vt 0.129623 0.882962
vt 0.101684 0.864148
vt 0.101684 0.840681
vt 0.186491 0.974721
vt 0.186491 0.950936
vt 0.157893 0.929895
vt 0.129623 0.912116
vt 0.129623 0.896803
vt 0.101684 0.882962
vt 0.074404 0.864148
vt 0.074404 0.840681
vt 0.157893 0.974721
vt 0.157893 0.950936
vt 0.129623 0.929895
vt 0.101684 0.912116
vt 0.101684 0.896803
vt 0.074404 0.882962
vt 0.048113 0.864148
vt 0.048113 0.840681
vt 0.129623 0.974721
vt 0.129623 0.950936
vt 0.101684 0.929895
vt 0.074404 0.912116
vt 0.074404 0.896803
vt 0.048113 0.882962
vt 0.023965 0.864148
vt 0.023965 0.840681
vt 0.101684 0.974721
vt 0.101684 0.950936
vt 0.074404 0.929895
vt 0.048113 0.912116
vt 0.048113 0.896803
vt 0.023965 0.882962
vt 0.074404 0.974721
vt 0.074404 0.950936
vt 0.048113 0.929895
vt 0.023965 0.912116
vt 0.023965 0.896803
vt 0.048113 0.974721
vt 0.048113 0.950936
vt 0.023965 0.929895
vt 0.023965 0.974721
vt 0.023965 0.950936
vt 0.699044 0.929895
vt 0.671434 0.912116
vt 0.699044 0.912116
vt 0.699044 0.896803
vt 0.671434 0.896803
vt 0.671434 0.882962
vt 0.699044 0.882962
vt 0.671434 0.864148
vt 0.699044 0.864148
vt 0.699044 0.840681
vt 0.646050 0.882962
vt 0.646050 0.864148
vt 0.671434 0.840681
vt 0.619182 0.864148
vt 0.646050 0.840681
vt 0.619182 0.840681
# num_vertices: 2829
g Object_TexMap_0
usemtl TexMap
f 1/1 2/2 3/3
f 2/2 4/4 3/3
f 3/3 4/4 5/5
f 4/4 6/6 5/5
f 5/5 6/6 7/7
f 6/6 8/8 7/7
f 7/7 8/8 9/9
f 8/8 10/10 9/9
f 9/9 10/10 11/11
f 10/10 12/12 11/11
f 11/11 12/12 13/13
f 12/12 14/14 13/13
f 13/13 14/14 15/15
f 14/14 16/16 15/15
f 15/15 16/16 17/17
f 8/8 18/18 10/10
f 18/18 19/19 10/10
f 10/10 19/19 12/12
f 19/19 20/20 12/12
f 12/12 20/20 14/14
f 20/20 21/21 14/14
f 14/14 21/21 16/16
f 21/21 22/22 16/16
f 18/18 23/23 19/19
f 23/23 24/24 19/19
f 19/19 24/24 20/20
f 24/24 25/25 20/20
f 20/20 25/25 21/21
f 25/25 26/26 21/21
f 21/21 26/26 22/22
f 23/23 27/27 24/24
f 27/27 28/28 24/24
f 24/24 28/28 25/25
f 28/28 29/29 25/25
f 25/25 29/29 26/26
f 27/27 23/23 30/30
f 23/23 31/31 30/30
f 30/30 31/31 32/32
f 31/31 2/2 32/32
f 23/23 18/18 31/31
f 18/18 6/6 31/31
f 31/31 6/6 4/4
f 33/33 34/34 35/35
f 34/34 36/36 35/35
f 35/35 36/36 30/30
f 37/37 38/38 39/39
f 38/38 40/40 39/39
f 39/39 40/40 41/41
f 39/39 41/41 42/42
f 41/41 43/43 42/42
f 42/42 43/43 44/44
f 43/43 45/45 44/44
f 44/44 45/45 46/46
f 45/45 47/47 46/46
f 46/46 47/47 48/48
f 47/47 49/49 48/48
f 48/48 49/49 50/50
f 50/50 51/51 48/48
f 51/51 52/52 48/48
f 48/48 52/52 46/46
f 52/52 53/53 46/46
f 46/46 53/53 44/44
f 53/53 54/54 44/44
f 44/44 54/54 42/42
f 51/51 55/55 52/52
f 55/55 56/56 52/52
f 52/52 56/56 53/53
f 56/56 57/57 53/53
f 53/53 57/57 54/54
f 58/58 59/59 60/60
f 59/59 61/61 60/60
f 60/60 61/61 62/62
f 60/60 62/62 63/63
f 62/62 64/64 63/63
f 63/63 64/64 65/65
f 64/64 66/66 65/65
f 65/65 66/66 67/67
f 66/66 68/68 67/67
f 68/68 66/66 69/69
f 66/66 64/64 69/69
f 69/69 64/64 70/70
f 64/64 71/71 70/70
f 70/70 71/71 72/72
f 71/71 73/73 72/72
f 72/72 73/73 74/74
f 73/73 75/75 74/74
f 74/74 75/75 76/76
f 75/75 77/77 76/76
f 76/76 77/77 78/78
f 78/78 79/79 76/76
f 79/79 80/80 76/76
f 76/76 80/80 74/74
f 80/80 81/81 74/74
f 74/74 81/81 72/72
f 81/81 82/82 72/72
f 72/72 82/82 70/70
f 82/82 83/83 70/70
f 70/70 83/83 69/69
f 83/83 84/84 69/69
f 69/69 84/84 68/68
f 84/84 85/85 68/68
f 84/84 83/83 86/86
f 83/83 82/82 86/86
f 86/86 82/82 87/87
f 82/82 81/81 87/87
f 87/87 81/81 88/88
f 81/81 80/80 88/88
f 88/88 80/80 89/89
f 80/80 79/79 89/89
f 89/89 79/79 90/90
f 86/86 91/91 84/84
f 91/91 92/92 84/84
f 84/84 92/92 85/85
f 93/93 94/94 95/95
f 94/94 96/96 95/95
f 95/95 96/96 86/86
f 97/97 98/98 99/99
f 98/98 100/100 99/99
f 99/99 100/100 101/101
f 100/100 102/102 101/101
f 101/101 102/102 103/103
f 102/102 104/104 103/103
f 103/103 104/104 105/105
f 104/104 106/106 105/105
f 98/98 107/107 100/100
f 107/107 108/108 100/100
f 100/100 108/108 102/102
f 108/108 109/109 102/102
f 102/102 109/109 104/104
f 109/109 110/110 104/104
f 104/104 110/110 106/106
f 110/110 111/111 106/106
f 107/107 112/112 108/108
f 112/112 113/113 108/108
f 108/108 113/113 109/109
f 113/113 114/114 109/109
f 109/109 114/114 110/110
f 114/114 115/115 110/110
f 110/110 115/115 111/111
f 115/115 116/116 111/111
f 111/111 116/116 117/117
f 112/112 118/118 113/113
f 118/118 119/119 113/113
f 113/113 119/119 114/114
f 119/119 120/120 114/114
f 114/114 120/120 115/115
f 120/120 121/121 115/115
f 115/115 121/121 122/122
f 121/121 123/123 122/122
f 122/122 123/123 124/124
f 123/123 121/121 125/125
f 121/121 120/120 125/125
f 125/125 120/120 126/126
f 120/120 119/119 126/126
f 126/126 119/119 118/118
f 118/118 127/127 126/126
f 127/127 128/128 126/126
f 126/126 128/128 129/129
f 130/130 131/131 117/117
f 131/131 132/132 117/117
f 117/117 132/132 111/111
f 133/133 134/134 135/135
f 134/134 136/136 135/135
f 135/135 136/136 118/118
f 105/105 137/137 103/103
f 137/137 138/138 103/103
f 103/103 138/138 101/101
f 138/138 139/139 101/101
f 101/101 139/139 99/99
f 140/140 141/141 142/142
f 141/141 143/143 142/142
f 142/142 143/143 144/144
f 143/143 145/145 144/144
f 144/144 145/145 146/146
f 145/145 147/147 146/146
f 146/146 147/147 148/148
f 147/147 149/149 148/148
f 148/148 149/149 150/150
f 149/149 151/151 150/150
f 150/150 151/151 152/152
f 151/151 153/153 152/152
f 152/152 153/153 154/154
f 153/153 155/155 154/154
f 154/154 155/155 156/156
f 147/147 157/157 149/149
f 157/157 158/158 149/149
f 149/149 158/158 151/151
f 158/158 159/159 151/151
f 151/151 159/159 153/153
f 159/159 160/160 153/153
f 153/153 160/160 155/155
f 160/160 161/161 155/155
f 157/157 162/162 158/158
f 162/162 163/163 158/158
f 158/158 163/163 159/159
f 163/163 164/164 159/159
f 159/159 164/164 160/160
f 164/164 165/165 160/160
f 160/160 165/165 161/161
f 162/162 166/166 163/163
f 166/166 167/167 163/163
f 163/163 167/167 164/164
f 167/167 168/168 164/164
f 164/164 168/168 165/165
f 166/166 162/162 169/169
f 162/162 170/170 169/169
f 169/169 170/170 171/171
f 170/170 141/141 171/171
f 162/162 157/157 170/170
f 157/157 145/145 170/170
f 170/170 145/145 143/143
f 172/172 173/173 174/174
f 173/173 175/175 174/174
f 174/174 175/175 176/176
f 175/175 177/177 176/176
f 176/176 177/177 178/178
f 177/177 179/179 178/178
f 178/178 179/179 180/180
f 179/179 181/181 180/180
f 180/180 181/181 182/182
f 181/181 183/183 182/182
f 182/182 183/183 184/184
f 183/183 185/185 184/184
f 184/184 185/185 186/186
f 185/185 187/187 186/186
f 186/186 187/187 188/188
f 179/179 189/189 181/181
f 189/189 190/190 181/181
f 181/181 190/190 183/183
f 190/190 191/191 183/183
f 183/183 191/191 185/185
f 191/191 192/192 185/185
f 185/185 192/192 187/187
f 192/192 193/193 187/187
f 189/189 194/194 190/190
f 194/194 195/195 190/190
f 190/190 195/195 191/191
f 195/195 196/196 191/191
f 191/191 196/196 192/192
f 196/196 197/197 192/192
f 192/192 197/197 193/193
f 194/194 198/198 195/195
f 198/198 199/199 195/195
f 195/195 199/199 196/196
f 199/199 200/200 196/196
f 196/196 200/200 197/197
f 198/198 194/194 201/201
f 194/194 202/202 201/201
f 201/201 202/202 203/203
f 202/202 173/173 203/203
f 194/194 189/189 202/202
f 189/189 177/177 202/202
f 202/202 177/177 175/175
f 204/204 205/205 206/206
f 205/205 207/207 206/206
f 206/206 207/207 208/208
f 206/206 208/208 209/209
f 208/208 210/210 209/209
f 209/209 210/210 211/211
f 210/210 212/212 211/211
f 211/211 212/212 213/213
f 212/212 214/214 213/213
f 214/214 212/212 215/215
f 212/212 210/210 215/215
f 215/215 210/210 216/216
f 210/210 217/217 216/216
f 216/216 217/217 45/45
f 217/217 47/47 45/45
f 45/45 43/43 216/216
f 43/43 218/218 216/216
f 216/216 218/218 215/215
f 218/218 219/219 215/215
f 215/215 219/219 214/214
f 219/219 220/220 214/214
f 43/43 41/41 218/218
f 41/41 219/219 218/218
f 41/41 221/221 219/219
f 221/221 222/222 219/219
f 219/219 222/222 220/220
f 180/180 223/223 178/178
f 223/223 224/224 178/178
f 178/178 224/224 225/225
f 226/226 227/227 228/228
f 227/227 229/229 228/228
f 228/228 229/229 230/230
f 229/229 231/231 230/230
f 230/230 231/231 232/232
f 231/231 233/233 232/232
f 232/232 233/233 234/234
f 233/233 235/235 234/234
f 234/234 235/235 236/236
f 235/235 237/237 236/236
f 236/236 237/237 238/238
f 237/237 239/239 238/238
f 238/238 239/239 240/240
f 239/239 241/241 240/240
f 240/240 241/241 242/242
f 233/233 243/243 235/235
f 243/243 244/244 235/235
f 235/235 244/244 237/237
f 244/244 245/245 237/237
f 237/237 245/245 239/239
f 245/245 246/246 239/239
f 239/239 246/246 241/241
f 246/246 247/247 241/241
f 243/243 248/248 244/244
f 248/248 249/249 244/244
f 244/244 249/249 245/245
f 249/249 250/250 245/245
f 245/245 250/250 246/246
f 250/250 251/251 246/246
f 246/246 251/251 247/247
f 248/248 252/252 249/249
f 252/252 253/253 249/249
f 249/249 253/253 250/250
f 253/253 254/254 250/250
f 250/250 254/254 251/251
f 252/252 248/248 255/255
f 248/248 256/256 255/255
f 255/255 256/256 257/257
f 256/256 227/227 257/257
f 248/248 243/243 256/256
f 243/243 231/231 256/256
f 256/256 231/231 229/229
f 258/258 259/259 260/260
f 259/259 261/261 260/260
f 260/260 261/261 180/180
f 203/203 262/262 201/201
f 262/262 263/263 201/201
f 263/263 262/262 264/264
f 262/262 265/265 264/264
f 266/266 267/267 268/268
f 267/267 269/269 268/268
f 268/268 269/269 270/270
f 269/269 271/271 270/270
f 270/270 271/271 272/272
f 271/271 273/273 272/272
f 272/272 273/273 274/274
f 273/273 275/275 274/274
f 274/274 275/275 276/276
f 275/275 277/277 276/276
f 276/276 277/277 278/278
f 277/277 279/279 278/278
f 278/278 279/279 280/280
f 279/279 281/281 280/280
f 280/280 281/281 282/282
f 273/273 283/283 275/275
f 283/283 284/284 275/275
f 275/275 284/284 277/277
f 284/284 285/285 277/277
f 277/277 285/285 279/279
f 285/285 286/286 279/279
f 279/279 286/286 281/281
f 286/286 287/287 281/281
f 283/283 288/288 284/284
f 288/288 289/289 284/284
f 284/284 289/289 285/285
f 289/289 290/290 285/285
f 285/285 290/290 286/286
f 290/290 291/291 286/286
f 286/286 291/291 287/287
f 288/288 292/292 289/289
f 292/292 293/293 289/289
f 289/289 293/293 290/290
f 293/293 294/294 290/290
f 290/290 294/294 291/291
f 292/292 288/288 295/295
f 288/288 296/296 295/295
f 295/295 296/296 297/297
f 296/296 267/267 297/297
f 288/288 283/283 296/296
f 283/283 271/271 296/296
f 296/296 271/271 269/269
f 298/298 299/299 300/300
f 299/299 301/301 300/300
f 300/300 301/301 169/169
f 302/302 303/303 304/304
f 303/303 305/305 304/304
f 304/304 305/305 148/148
f 306/306 307/307 308/308
f 307/307 309/309 308/308
f 308/308 309/309 310/310
f 308/308 310/310 311/311
f 310/310 312/312 311/311
f 311/311 312/312 313/313
f 312/312 314/314 313/313
f 313/313 314/314 315/315
f 314/314 316/316 315/315
f 316/316 314/314 317/317
f 314/314 312/312 317/317
f 317/317 312/312 318/318
f 312/312 319/319 318/318
f 318/318 319/319 320/320
f 319/319 321/321 320/320
f 320/320 321/321 322/322
f 321/321 323/323 322/322
f 322/322 323/323 324/324
f 323/323 325/325 324/324
f 324/324 325/325 326/326
f 326/326 327/327 324/324
f 327/327 328/328 324/324
f 324/324 328/328 322/322
f 328/328 329/329 322/322
f 322/322 329/329 320/320
f 329/329 330/330 320/320
f 320/320 330/330 318/318
f 330/330 331/331 318/318
f 318/318 331/331 317/317
f 331/331 332/332 317/317
f 317/317 332/332 316/316
f 332/332 333/333 316/316
f 332/332 331/331 334/334
f 331/331 330/330 334/334
f 334/334 330/330 335/335
f 330/330 329/329 335/335
f 335/335 329/329 336/336
f 329/329 328/328 336/336
f 336/336 328/328 337/337
f 328/328 327/327 337/337
f 337/337 327/327 338/338
f 334/334 339/339 332/332
f 339/339 340/340 332/332
f 332/332 340/340 333/333
f 341/341 342/342 343/343
f 342/342 344/344 343/343
f 343/343 344/344 274/274
f 345/345 346/346 347/347
f 346/346 348/348 347/347
f 347/347 348/348 295/295
f 148/148 349/349 146/146
f 349/349 350/350 146/146
f 146/146 350/350 351/351
f 352/352 353/353 354/354
f 353/353 355/355 354/354
f 354/354 355/355 356/356
f 355/355 357/357 356/356
f 356/356 357/357 358/358
f 357/357 359/359 358/358
f 358/358 359/359 360/360
f 359/359 361/361 360/360
f 360/360 361/361 362/362
f 361/361 363/363 362/362
f 362/362 363/363 364/364
f 363/363 365/365 364/364
f 364/364 365/365 366/366
f 365/365 367/367 366/366
f 366/366 367/367 368/368
f 359/359 369/369 361/361
f 369/369 370/370 361/361
f 361/361 370/370 363/363
f 370/370 371/371 363/363
f 363/363 371/371 365/365
f 371/371 372/372 365/365
f 365/365 372/372 367/367
f 372/372 373/373 367/367
f 369/369 374/374 370/370
f 374/374 375/375 370/370
f 370/370 375/375 371/371
f 375/375 376/376 371/371
f 371/371 376/376 372/372
f 376/376 377/377 372/372
f 372/372 377/377 373/373
f 374/374 378/378 375/375
f 378/378 379/379 375/375
f 375/375 379/379 376/376
f 379/379 380/380 376/376
f 376/376 380/380 377/377
f 378/378 374/374 381/381
f 374/374 382/382 381/381
f 381/381 382/382 383/383
f 382/382 353/353 383/383
f 374/374 369/369 382/382
f 369/369 357/357 382/382
f 382/382 357/357 355/355
f 234/234 384/384 232/232
f 384/384 385/385 232/232
f 232/232 385/385 386/386
f 270/270 272/272 387/387
f 272/272 388/388 387/387
f 388/388 272/272 389/389
f 272/272 274/274 389/389
f 210/210 208/208 217/217
f 208/208 390/390 217/217
f 217/217 390/390 47/47
f 390/390 49/49 47/47
f 391/391 392/392 393/393
f 392/392 394/394 393/393
f 393/393 394/394 234/234
f 395/395 396/396 397/397
f 396/396 398/398 397/397
f 397/397 398/398 381/381
f 399/399 400/400 401/401
f 400/400 402/402 401/401
f 401/401 402/402 403/403
f 402/402 404/404 403/403
f 403/403 404/404 405/405
f 404/404 406/406 405/405
f 405/405 406/406 407/407
f 406/406 408/408 407/407
f 407/407 408/408 409/409
f 408/408 410/410 409/409
f 409/409 410/410 411/411
f 410/410 412/412 411/411
f 411/411 412/412 413/413
f 412/412 414/414 413/413
f 413/413 414/414 415/415
f 406/406 416/416 408/408
f 416/416 417/417 408/408
f 408/408 417/417 410/410
f 417/417 418/418 410/410
f 410/410 418/418 412/412
f 418/418 419/419 412/412
f 412/412 419/419 414/414
f 419/419 420/420 414/414
f 416/416 421/421 417/417
f 421/421 422/422 417/417
f 417/417 422/422 418/418
f 422/422 423/423 418/418
f 418/418 423/423 419/419
f 423/423 424/424 419/419
f 419/419 424/424 420/420
f 421/421 425/425 422/422
f 425/425 426/426 422/422
f 422/422 426/426 423/423
f 426/426 427/427 423/423
f 423/423 427/427 424/424
f 425/425 421/421 428/428
f 421/421 429/429 428/428
f 428/428 429/429 430/430
f 429/429 400/400 430/430
f 421/421 416/416 429/429
f 416/416 404/404 429/429
f 429/429 404/404 402/402
f 362/362 431/431 360/360
f 431/431 432/432 360/360
f 432/432 431/431 433/433
f 431/431 434/434 433/433
f 435/435 436/436 437/437
f 436/436 438/438 437/437
f 437/437 438/438 255/255
f 335/335 439/439 334/334
f 439/439 440/440 334/334
f 440/440 439/439 441/441
f 439/439 442/442 441/441
f 407/407 443/443 405/405
f 443/443 444/444 405/405
f 405/405 444/444 445/445
f 446/446 447/447 448/448
f 447/447 449/449 448/448
f 448/448 449/449 428/428
f 450/450 451/451 452/452
f 451/451 453/453 452/452
f 452/452 453/453 454/454
f 453/453 455/455 454/454
f 454/454 455/455 456/456
f 455/455 457/457 456/456
f 456/456 457/457 458/458
f 457/457 459/459 458/458
f 458/458 459/459 460/460
f 459/459 461/461 460/460
f 460/460 461/461 462/462
f 461/461 463/463 462/462
f 462/462 463/463 464/464
f 463/463 465/465 464/464
f 464/464 465/465 466/466
f 457/457 467/467 459/459
f 467/467 468/468 459/459
f 459/459 468/468 461/461
f 468/468 469/469 461/461
f 461/461 469/469 463/463
f 469/469 470/470 463/463
f 463/463 470/470 465/465
f 470/470 471/471 465/465
f 467/467 472/472 468/468
f 472/472 473/473 468/468
f 468/468 473/473 469/469
f 473/473 474/474 469/469
f 469/469 474/474 470/470
f 474/474 475/475 470/470
f 470/470 475/475 471/471
f 472/472 476/476 473/473
f 476/476 477/477 473/473
f 473/473 477/477 474/474
f 477/477 478/478 474/474
f 474/474 478/478 475/475
f 476/476 472/472 479/479
f 472/472 480/480 479/479
f 479/479 480/480 481/481
f 480/480 451/451 481/481
f 472/472 467/467 480/480
f 467/467 455/455 480/480
f 480/480 455/455 453/453
f 482/482 483/483 484/484
f 483/483 485/485 484/484
f 484/484 485/485 407/407
f 77/77 75/75 486/486
f 75/75 487/487 486/486
f 75/75 73/73 487/487
f 73/73 488/488 487/487
f 73/73 71/71 488/488
f 71/71 62/62 488/488
f 489/489 490/490 491/491
f 490/490 492/492 491/491
f 491/491 492/492 479/479
f 493/493 494/494 495/495
f 494/494 496/496 495/495
f 495/495 496/496 458/458
f 458/458 497/497 456/456
f 497/497 498/498 456/456
f 456/456 498/498 499/499
f 11/11 500/500 9/9
f 500/500 501/501 9/9
f 501/501 500/500 502/502
f 500/500 503/503 502/502
f 504/504 505/505 506/506
f 505/505 507/507 506/506
f 506/506 507/507 508/508
f 507/507 509/509 508/508
f 508/508 509/509 510/510
f 509/509 511/511 510/510
f 510/510 511/511 512/512
f 511/511 513/513 512/512
f 512/512 513/513 514/514
f 513/513 515/515 514/514
f 514/514 515/515 516/516
f 515/515 517/517 516/516
f 516/516 517/517 518/518
f 517/517 519/519 518/518
f 518/518 519/519 520/520
f 511/511 521/521 513/513
f 521/521 522/522 513/513
f 513/513 522/522 515/515
f 522/522 523/523 515/515
f 515/515 523/523 517/517
f 523/523 524/524 517/517
f 517/517 524/524 519/519
f 524/524 525/525 519/519
f 521/521 526/526 522/522
f 526/526 527/527 522/522
f 522/522 527/527 523/523
f 527/527 528/528 523/523
f 523/523 528/528 524/524
f 528/528 529/529 524/524
f 524/524 529/529 525/525
f 526/526 530/530 527/527
f 530/530 531/531 527/527
f 527/527 531/531 528/528
f 531/531 532/532 528/528
f 528/528 532/532 529/529
f 530/530 526/526 533/533
f 526/526 534/534 533/533
f 533/533 534/534 535/535
f 534/534 505/505 535/535
f 526/526 521/521 534/534
f 521/521 509/509 534/534
f 534/534 509/509 507/507
f 536/536 537/537 538/538
f 537/537 539/539 538/538
f 538/538 539/539 540/540
f 539/539 541/541 540/540
f 540/540 541/541 542/542
f 541/541 543/543 542/542
f 542/542 543/543 544/544
f 543/543 545/545 544/544
f 544/544 545/545 546/546
f 545/545 547/547 546/546
f 546/546 547/547 548/548
f 547/547 549/549 548/548
f 548/548 549/549 550/550
f 549/549 551/551 550/550
f 550/550 551/551 552/552
f 543/543 553/553 545/545
f 553/553 554/554 545/545
f 545/545 554/554 547/547
f 554/554 555/555 547/547
f 547/547 555/555 549/549
f 555/555 556/556 549/549
f 549/549 556/556 551/551
f 556/556 557/557 551/551
f 553/553 558/558 554/554
f 558/558 559/559 554/554
f 554/554 559/559 555/555
f 559/559 560/560 555/555
f 555/555 560/560 556/556
f 560/560 561/561 556/556
f 556/556 561/561 557/557
f 558/558 562/562 559/559
f 562/562 563/563 559/559
f 559/559 563/563 560/560
f 563/563 564/564 560/560
f 560/560 564/564 561/561
f 562/562 558/558 565/565
f 558/558 566/566 565/565
f 565/565 566/566 567/567
f 566/566 537/537 567/567
f 558/558 553/553 566/566
f 553/553 541/541 566/566
f 566/566 541/541 539/539
f 568/568 569/569 570/570
f 569/569 571/571 570/570
f 570/570 571/571 572/572
f 571/571 573/573 572/572
f 572/572 573/573 574/574
f 573/573 575/575 574/574
f 574/574 575/575 576/576
f 575/575 577/577 576/576
f 576/576 577/577 578/578
f 577/577 579/579 578/578
f 578/578 579/579 580/580
f 579/579 581/581 580/580
f 580/580 581/581 582/582
f 581/581 583/583 582/582
f 582/582 583/583 584/584
f 575/575 585/585 577/577
f 585/585 586/586 577/577
f 577/577 586/586 579/579
f 586/586 587/587 579/579
f 579/579 587/587 581/581
f 587/587 588/588 581/581
f 581/581 588/588 583/583
f 588/588 589/589 583/583
f 585/585 590/590 586/586
f 590/590 591/591 586/586
f 586/586 591/591 587/587
f 591/591 592/592 587/587
f 587/587 592/592 588/588
f 592/592 593/593 588/588
f 588/588 593/593 589/589
f 590/590 594/594 591/591
f 594/594 595/595 591/591
f 591/591 595/595 592/592
f 595/595 596/596 592/592
f 592/592 596/596 593/593
f 594/594 590/590 597/597
f 590/590 598/598 597/597
f 597/597 598/598 599/599
f 598/598 569/569 599/599
f 590/590 585/585 598/598
f 585/585 573/573 598/598
f 598/598 573/573 571/571
f 512/512 600/600 510/510
f 600/600 601/601 510/510
f 510/510 601/601 602/602
f 540/540 542/542 603/603
f 542/542 604/604 603/603
f 604/604 542/542 605/605
f 542/542 544/544 605/605
f 567/567 606/606 565/565
f 606/606 607/607 565/565
f 607/607 606/606 608/608
f 606/606 609/609 608/608
f 610/610 611/611 612/612
f 611/611 613/613 612/612
f 612/612 613/613 614/614
f 613/613 615/615 614/614
f 614/614 615/615 616/616
f 615/615 617/617 616/616
f 616/616 617/617 618/618
f 617/617 619/619 618/618
f 618/618 619/619 620/620
f 619/619 621/621 620/620
f 620/620 621/621 622/622
f 621/621 623/623 622/622
f 622/622 623/623 624/624
f 623/623 625/625 624/624
f 624/624 625/625 626/626
f 617/617 627/627 619/619
f 627/627 628/628 619/619
f 619/619 628/628 621/621
f 628/628 629/629 621/621
f 621/621 629/629 623/623
f 629/629 630/630 623/623
f 623/623 630/630 625/625
f 630/630 631/631 625/625
f 627/627 632/632 628/628
f 632/632 633/633 628/628
f 628/628 633/633 629/629
f 633/633 634/634 629/629
f 629/629 634/634 630/630
f 634/634 635/635 630/630
f 630/630 635/635 631/631
f 632/632 636/636 633/633
f 636/636 637/637 633/633
f 633/633 637/637 634/634
f 637/637 638/638 634/634
f 634/634 638/638 635/635
f 636/636 632/632 639/639
f 632/632 640/640 639/639
f 639/639 640/640 641/641
f 640/640 611/611 641/641
f 632/632 627/627 640/640
f 627/627 615/615 640/640
f 640/640 615/615 613/613
f 642/642 643/643 644/644
f 643/643 645/645 644/644
f 644/644 645/645 512/512
f 646/646 647/647 648/648
f 647/647 649/649 648/648
f 648/648 649/649 650/650
f 649/649 651/651 650/650
f 650/650 651/651 652/652
f 651/651 653/653 652/652
f 652/652 653/653 654/654
f 653/653 655/655 654/654
f 654/654 655/655 656/656
f 655/655 657/657 656/656
f 656/656 657/657 658/658
f 657/657 659/659 658/658
f 658/658 659/659 660/660
f 659/659 661/661 660/660
f 660/660 661/661 662/662
f 653/653 663/663 655/655
f 663/663 664/664 655/655
f 655/655 664/664 657/657
f 664/664 665/665 657/657
f 657/657 665/665 659/659
f 665/665 666/666 659/659
f 659/659 666/666 661/661
f 666/666 667/667 661/661
f 663/663 668/668 664/664
f 668/668 669/669 664/664
f 664/664 669/669 665/665
f 669/669 670/670 665/665
f 665/665 670/670 666/666
f 670/670 671/671 666/666
f 666/666 671/671 667/667
f 668/668 672/672 669/669
f 672/672 673/673 669/669
f 669/669 673/673 670/670
f 673/673 674/674 670/670
f 670/670 674/674 671/671
f 672/672 668/668 675/675
f 668/668 676/676 675/675
f 675/675 676/676 677/677
f 676/676 647/647 677/677
f 668/668 663/663 676/676
f 663/663 651/651 676/676
f 676/676 651/651 649/649
f 618/618 678/678 616/616
f 678/678 679/679 616/616
f 616/616 679/679 680/680
f 654/654 681/681 652/652
f 681/681 682/682 652/652
f 652/652 682/682 683/683
f 535/535 684/684 533/533
f 684/684 685/685 533/533
f 685/685 684/684 686/686
f 684/684 687/687 686/686
f 688/688 689/689 690/690
f 689/689 691/691 690/690
f 690/690 691/691 692/692
f 691/691 693/693 692/692
f 692/692 693/693 694/694
f 693/693 695/695 694/694
f 694/694 695/695 696/696
f 695/695 697/697 696/696
f 696/696 697/697 698/698
f 697/697 699/699 698/698
f 698/698 699/699 700/700
f 699/699 701/701 700/700
f 700/700 701/701 702/702
f 701/701 703/703 702/702
f 702/702 703/703 704/704
f 695/695 705/705 697/697
f 705/705 706/706 697/697
f 697/697 706/706 699/699
f 706/706 707/707 699/699
f 699/699 707/707 701/701
f 707/707 708/708 701/701
f 701/701 708/708 703/703
f 708/708 709/709 703/703
f 705/705 710/710 706/706
f 710/710 711/711 706/706
f 706/706 711/711 707/707
f 711/711 712/712 707/707
f 707/707 712/712 708/708
f 712/712 713/713 708/708
f 708/708 713/713 709/709
f 710/710 714/714 711/711
f 714/714 715/715 711/711
f 711/711 715/715 712/712
f 715/715 716/716 712/712
f 712/712 716/716 713/713
f 714/714 710/710 717/717
f 710/710 718/718 717/717
f 717/717 718/718 719/719
f 718/718 689/689 719/719
f 710/710 705/705 718/718
f 705/705 693/693 718/718
f 718/718 693/693 691/691
f 641/641 720/720 639/639
f 720/720 721/721 639/639
f 721/721 720/720 722/722
f 720/720 723/723 722/722
f 576/576 724/724 574/574
f 724/724 725/725 574/574
f 574/574 725/725 726/726
f 727/727 728/728 729/729
f 728/728 730/730 729/729
f 729/729 730/730 675/675
f 731/731 732/732 733/733
f 732/732 734/734 733/733
f 733/733 734/734 735/735
f 734/734 736/736 735/735
f 735/735 736/736 737/737
f 736/736 738/738 737/737
f 737/737 738/738 739/739
f 738/738 740/740 739/739
f 739/739 740/740 741/741
f 740/740 742/742 741/741
f 741/741 742/742 743/743
f 742/742 744/744 743/743
f 743/743 744/744 745/745
f 744/744 746/746 745/745
f 745/745 746/746 747/747
f 738/738 748/748 740/740
f 748/748 749/749 740/740
f 740/740 749/749 742/742
f 749/749 750/750 742/742
f 742/742 750/750 744/744
f 750/750 751/751 744/744
f 744/744 751/751 746/746
f 751/751 752/752 746/746
f 748/748 753/753 749/749
f 753/753 754/754 749/749
f 749/749 754/754 750/750
f 754/754 755/755 750/750
f 750/750 755/755 751/751
f 755/755 756/756 751/751
f 751/751 756/756 752/752
f 753/753 757/757 754/754
f 757/757 758/758 754/754
f 754/754 758/758 755/755
f 758/758 759/759 755/755
f 755/755 759/759 756/756
f 757/757 753/753 760/760
f 753/753 761/761 760/760
f 760/760 761/761 762/762
f 761/761 732/732 762/762
f 753/753 748/748 761/761
f 748/748 736/736 761/761
f 761/761 736/736 734/734
f 763/763 764/764 765/765
f 764/764 766/766 765/765
f 765/765 766/766 597/597
f 767/767 768/768 769/769
f 768/768 770/770 769/769
f 769/769 770/770 717/717
f 771/771 772/772 773/773
f 772/772 774/774 773/773
f 773/773 774/774 696/696
f 775/775 776/776 777/777
f 776/776 778/778 777/777
f 777/777 778/778 654/654
f 692/692 694/694 779/779
f 694/694 780/780 779/779
f 780/780 694/694 781/781
f 694/694 696/696 781/781
f 578/578 782/782 576/576
f 782/782 783/783 576/576
f 783/783 782/782 784/784
f 782/782 785/785 784/784
f 786/786 787/787 788/788
f 787/787 789/789 788/788
f 788/788 789/789 790/790
f 789/789 791/791 790/790
f 790/790 791/791 792/792
f 791/791 793/793 792/792
f 792/792 793/793 794/794
f 793/793 795/795 794/794
f 794/794 795/795 796/796
f 795/795 797/797 796/796
f 796/796 797/797 798/798
f 797/797 799/799 798/798
f 798/798 799/799 800/800
f 799/799 801/801 800/800
f 800/800 801/801 802/802
f 793/793 803/803 795/795
f 803/803 804/804 795/795
f 795/795 804/804 797/797
f 804/804 805/805 797/797
f 797/797 805/805 799/799
f 805/805 806/806 799/799
f 799/799 806/806 801/801
f 806/806 807/807 801/801
f 803/803 808/808 804/804
f 808/808 809/809 804/804
f 804/804 809/809 805/805
f 809/809 810/810 805/805
f 805/805 810/810 806/806
f 810/810 811/811 806/806
f 806/806 811/811 807/807
f 808/808 812/812 809/809
f 812/812 813/813 809/809
f 809/809 813/813 810/810
f 813/813 814/814 810/810
f 810/810 814/814 811/811
f 812/812 808/808 815/815
f 808/808 816/816 815/815
f 815/815 816/816 817/817
f 816/816 787/787 817/817
f 808/808 803/803 816/816
f 803/803 791/791 816/816
f 816/816 791/791 789/789
f 818/818 819/819 820/820
f 819/819 821/821 820/820
f 820/820 821/821 739/739
f 822/822 823/823 824/824
f 823/823 825/825 824/824
f 824/824 825/825 760/760
f 826/826 827/827 828/828
f 827/827 829/829 828/828
f 828/828 829/829 544/544
f 739/739 830/830 737/737
f 830/830 831/831 737/737
f 737/737 831/831 832/832
f 620/620 833/833 618/618
f 833/833 834/834 618/618
f 834/834 833/833 835/835
f 833/833 836/836 835/835
f 837/837 838/838 839/839
f 838/838 840/840 839/839
f 839/839 840/840 841/841
f 840/840 842/842 841/841
f 841/841 842/842 843/843
f 842/842 844/844 843/843
f 843/843 844/844 845/845
f 844/844 846/846 845/845
f 845/845 846/846 847/847
f 846/846 848/848 847/847
f 847/847 848/848 849/849
f 848/848 850/850 849/849
f 849/849 850/850 851/851
f 850/850 852/852 851/851
f 851/851 852/852 853/853
f 844/844 854/854 846/846
f 854/854 855/855 846/846
f 846/846 855/855 848/848
f 855/855 856/856 848/848
f 848/848 856/856 850/850
f 856/856 857/857 850/850
f 850/850 857/857 852/852
f 857/857 858/858 852/852
f 854/854 859/859 855/855
f 859/859 860/860 855/855
f 855/855 860/860 856/856
f 860/860 861/861 856/856
f 856/856 861/861 857/857
f 861/861 862/862 857/857
f 857/857 862/862 858/858
f 859/859 863/863 860/860
f 863/863 864/864 860/860
f 860/860 864/864 861/861
f 864/864 865/865 861/861
f 861/861 865/865 862/862
f 863/863 859/859 866/866
f 859/859 867/867 866/866
f 866/866 867/867 868/868
f 867/867 838/838 868/868
f 859/859 854/854 867/867
f 854/854 842/842 867/867
f 867/867 842/842 840/840
f 869/869 870/870 871/871
f 870/870 872/872 871/871
f 871/871 872/872 794/794
f 873/873 874/874 875/875
f 874/874 876/876 875/875
f 875/875 876/876 815/815
f 790/790 792/792 877/877
f 792/792 878/878 877/877
f 878/878 792/792 879/879
f 792/792 794/794 879/879
f 880/880 881/881 882/882
f 881/881 883/883 882/882
f 882/882 883/883 884/884
f 883/883 885/885 884/884
f 884/884 885/885 886/886
f 885/885 887/887 886/886
f 886/886 887/887 888/888
f 887/887 889/889 888/888
f 888/888 889/889 890/890
f 889/889 891/891 890/890
f 890/890 891/891 892/892
f 891/891 893/893 892/892
f 892/892 893/893 894/894
f 893/893 895/895 894/894
f 894/894 895/895 896/896
f 887/887 897/897 889/889
f 897/897 898/898 889/889
f 889/889 898/898 891/891
f 898/898 899/899 891/891
f 891/891 899/899 893/893
f 899/899 900/900 893/893
f 893/893 900/900 895/895
f 900/900 901/901 895/895
f 897/897 902/902 898/898
f 902/902 903/903 898/898
f 898/898 903/903 899/899
f 903/903 904/904 899/899
f 899/899 904/904 900/900
f 904/904 905/905 900/900
f 900/900 905/905 901/901
f 902/902 906/906 903/903
f 906/906 907/907 903/903
f 903/903 907/907 904/904
f 907/907 908/908 904/904
f 904/904 908/908 905/905
f 906/906 902/902 909/909
f 902/902 910/910 909/909
f 909/909 910/910 911/911
f 910/910 881/881 911/911
f 902/902 897/897 910/910
f 897/897 885/885 910/910
f 910/910 885/885 883/883
f 912/912 913/913 914/914
f 913/913 915/915 914/914
f 914/914 915/915 916/916
f 915/915 917/917 916/916
f 916/916 917/917 918/918
f 917/917 919/919 918/918
f 918/918 919/919 920/920
f 919/919 921/921 920/920
f 920/920 921/921 922/922
f 921/921 923/923 922/922
f 922/922 923/923 924/924
f 923/923 925/925 924/924
f 924/924 925/925 926/926
f 925/925 927/927 926/926
f 926/926 927/927 928/928
f 919/919 929/929 921/921
f 929/929 930/930 921/921
f 921/921 930/930 923/923
f 930/930 931/931 923/923
f 923/923 931/931 925/925
f 931/931 932/932 925/925
f 925/925 932/932 927/927
f 932/932 933/933 927/927
f 929/929 934/934 930/930
f 934/934 935/935 930/930
f 930/930 935/935 931/931
f 935/935 936/936 931/931
f 931/931 936/936 932/932
f 936/936 937/937 932/932
f 932/932 937/937 933/933
f 934/934 938/938 935/935
f 938/938 939/939 935/935
f 935/935 939/939 936/936
f 939/939 940/940 936/936
f 936/936 940/940 937/937
f 938/938 934/934 941/941
f 934/934 942/942 941/941
f 941/941 942/942 943/943
f 942/942 913/913 943/943
f 934/934 929/929 942/942
f 929/929 917/917 942/942
f 942/942 917/917 915/915
f 944/944 945/945 946/946
f 945/945 947/947 946/946
f 946/946 947/947 948/948
f 947/947 949/949 948/948
f 948/948 949/949 950/950
f 949/949 951/951 950/950
f 950/950 951/951 952/952
f 951/951 953/953 952/952
f 945/945 954/954 947/947
f 954/954 955/955 947/947
f 947/947 955/955 949/949
f 955/955 956/956 949/949
f 949/949 956/956 951/951
f 956/956 957/957 951/951
f 951/951 957/957 953/953
f 957/957 958/958 953/953
f 954/954 959/959 955/955
f 959/959 960/960 955/955
f 955/955 960/960 956/956
f 960/960 961/961 956/956
f 956/956 961/961 957/957
f 961/961 962/962 957/957
f 957/957 962/962 958/958
f 962/962 963/963 958/958
f 958/958 963/963 964/964
f 959/959 965/965 960/960
f 965/965 966/966 960/960
f 960/960 966/966 961/961
f 966/966 967/967 961/961
f 961/961 967/967 962/962
f 967/967 968/968 962/962
f 962/962 968/968 969/969
f 968/968 970/970 969/969
f 969/969 970/970 971/971
f 970/970 968/968 972/972
f 968/968 967/967 972/972
f 972/972 967/967 973/973
f 967/967 966/966 973/973
f 973/973 966/966 965/965
f 965/965 974/974 973/973
f 974/974 975/975 973/973
f 973/973 975/975 976/976
f 977/977 978/978 964/964
f 978/978 979/979 964/964
f 964/964 979/979 958/958
f 980/980 981/981 982/982
f 981/981 983/983 982/982
f 982/982 983/983 909/909
f 952/952 984/984 950/950
f 984/984 985/985 950/950
f 950/950 985/985 948/948
f 985/985 986/986 948/948
f 948/948 986/986 946/946
f 987/987 988/988 989/989
f 988/988 990/990 989/989
f 989/989 990/990 888/888
f 991/991 992/992 993/993
f 992/992 994/994 993/993
f 993/993 994/994 995/995
f 994/994 996/996 995/995
f 995/995 996/996 997/997
f 996/996 998/998 997/997
f 997/997 998/998 999/999
f 998/998 1000/1000 999/999
f 999/999 1000/1000 1001/1001
f 1000/1000 1002/1002 1001/1001
f 1001/1001 1002/1002 1003/1003
f 1002/1002 1004/1004 1003/1003
f 1003/1003 1004/1004 1005/1005
f 1004/1004 1006/1006 1005/1005
f 1005/1005 1006/1006 1007/1007
f 998/998 1008/1008 1000/1000
f 1008/1008 1009/1009 1000/1000
f 1000/1000 1009/1009 1002/1002
f 1009/1009 1010/1010 1002/1002
f 1002/1002 1010/1010 1004/1004
f 1010/1010 1011/1011 1004/1004
f 1004/1004 1011/1011 1006/1006
f 1011/1011 1012/1012 1006/1006
f 1008/1008 1013/1013 1009/1009
f 1013/1013 1014/1014 1009/1009
f 1009/1009 1014/1014 1010/1010
f 1014/1014 1015/1015 1010/1010
f 1010/1010 1015/1015 1011/1011
f 1015/1015 1016/1016 1011/1011
f 1011/1011 1016/1016 1012/1012
f 1013/1013 1017/1017 1014/1014
f 1017/1017 1018/1018 1014/1014
f 1014/1014 1018/1018 1015/1015
f 1018/1018 1019/1019 1015/1015
f 1015/1015 1019/1019 1016/1016
f 1017/1017 1013/1013 1020/1020
f 1013/1013 1021/1021 1020/1020
f 1020/1020 1021/1021 1022/1022
f 1021/1021 992/992 1022/1022
f 1013/1013 1008/1008 1021/1021
f 1008/1008 996/996 1021/1021
f 1021/1021 996/996 994/994
f 1023/1023 1024/1024 1025/1025
f 1024/1024 1026/1026 1025/1025
f 1025/1025 1026/1026 1020/1020
f 1027/1027 1028/1028 1029/1029
f 1028/1028 1030/1030 1029/1029
f 1029/1029 1030/1030 999/999
f 999/999 1031/1031 997/997
f 1031/1031 1032/1032 997/997
f 997/997 1032/1032 1033/1033
f 1034/1034 1035/1035 1036/1036
f 1035/1035 1037/1037 1036/1036
f 1036/1036 1037/1037 845/845
f 845/845 1038/1038 843/843
f 1038/1038 1039/1039 843/843
f 843/843 1039/1039 1040/1040
f 1041/1041 1042/1042 1043/1043
f 1042/1042 1044/1044 1043/1043
f 1043/1043 1044/1044 1045/1045
f 1044/1044 1046/1046 1045/1045
f 1045/1045 1046/1046 1047/1047
f 1046/1046 1048/1048 1047/1047
f 1047/1047 1048/1048 1049/1049
f 1048/1048 1050/1050 1049/1049
f 1049/1049 1050/1050 1051/1051
f 1050/1050 1052/1052 1051/1051
f 1051/1051 1052/1052 1053/1053
f 1052/1052 1054/1054 1053/1053
f 1053/1053 1054/1054 1055/1055
f 1054/1054 1056/1056 1055/1055
f 1055/1055 1056/1056 1057/1057
f 1048/1048 1058/1058 1050/1050
f 1058/1058 1059/1059 1050/1050
f 1050/1050 1059/1059 1052/1052
f 1059/1059 1060/1060 1052/1052
f 1052/1052 1060/1060 1054/1054
f 1060/1060 1061/1061 1054/1054
f 1054/1054 1061/1061 1056/1056
f 1061/1061 1062/1062 1056/1056
f 1058/1058 1063/1063 1059/1059
f 1063/1063 1064/1064 1059/1059
f 1059/1059 1064/1064 1060/1060
f 1064/1064 1065/1065 1060/1060
f 1060/1060 1065/1065 1061/1061
f 1065/1065 1066/1066 1061/1061
f 1061/1061 1066/1066 1062/1062
f 1063/1063 1067/1067 1064/1064
f 1067/1067 1068/1068 1064/1064
f 1064/1064 1068/1068 1065/1065
f 1068/1068 1069/1069 1065/1065
f 1065/1065 1069/1069 1066/1066
f 1067/1067 1063/1063 1070/1070
f 1063/1063 1071/1071 1070/1070
f 1070/1070 1071/1071 1072/1072
f 1071/1071 1042/1042 1072/1072
f 1063/1063 1058/1058 1071/1071
f 1058/1058 1046/1046 1071/1071
f 1071/1071 1046/1046 1044/1044
f 884/884 886/886 1073/1073
f 886/886 1074/1074 1073/1073
f 1074/1074 886/886 1075/1075
f 886/886 888/888 1075/1075
f 920/920 1076/1076 918/918
f 1076/1076 1077/1077 918/918
f 918/918 1077/1077 1078/1078
f 1079/1079 1080/1080 1081/1081
f 1080/1080 1082/1082 1081/1081
f 1081/1081 1082/1082 941/941
f 1083/1083 1084/1084 1085/1085
f 1084/1084 1086/1086 1085/1085
f 1085/1085 1086/1086 1087/1087
f 1086/1086 1088/1088 1087/1087
f 1087/1087 1088/1088 1089/1089
f 1088/1088 1090/1090 1089/1089
f 1089/1089 1090/1090 1091/1091
f 1090/1090 1092/1092 1091/1091
f 1091/1091 1092/1092 1093/1093
f 1092/1092 1094/1094 1093/1093
f 1093/1093 1094/1094 1095/1095
f 1094/1094 1096/1096 1095/1095
f 1095/1095 1096/1096 1097/1097
f 1096/1096 1098/1098 1097/1097
f 1097/1097 1098/1098 1099/1099
f 1090/1090 1100/1100 1092/1092
f 1100/1100 1101/1101 1092/1092
f 1092/1092 1101/1101 1094/1094
f 1101/1101 1102/1102 1094/1094
f 1094/1094 1102/1102 1096/1096
f 1102/1102 1103/1103 1096/1096
f 1096/1096 1103/1103 1098/1098
f 1103/1103 1104/1104 1098/1098
f 1100/1100 1105/1105 1101/1101
f 1105/1105 1106/1106 1101/1101
f 1101/1101 1106/1106 1102/1102
f 1106/1106 1107/1107 1102/1102
f 1102/1102 1107/1107 1103/1103
f 1107/1107 1108/1108 1103/1103
f 1103/1103 1108/1108 1104/1104
f 1105/1105 1109/1109 1106/1106
f 1109/1109 1110/1110 1106/1106
f 1106/1106 1110/1110 1107/1107
f 1110/1110 1111/1111 1107/1107
f 1107/1107 1111/1111 1108/1108
f 1109/1109 1105/1105 1112/1112
f 1105/1105 1113/1113 1112/1112
f 1112/1112 1113/1113 1114/1114
f 1113/1113 1084/1084 1114/1114
f 1105/1105 1100/1100 1113/1113
f 1100/1100 1088/1088 1113/1113
f 1113/1113 1088/1088 1086/1086
f 1049/1049 1115/1115 1047/1047
f 1115/1115 1116/1116 1047/1047
f 1047/1047 1116/1116 1117/1117
f 1118/1118 1119/1119 1120/1120
f 1119/1119 1121/1121 1120/1120
f 1120/1120 1121/1121 1049/1049
f 1072/1072 1122/1122 1070/1070
f 1122/1122 1123/1123 1070/1070
f 1123/1123 1122/1122 1124/1124
f 1122/1122 1125/1125 1124/1124
f 1126/1126 1127/1127 1128/1128
f 1127/1127 1129/1129 1128/1128
f 1128/1128 1129/1129 965/965
f 1091/1091 1130/1130 1089/1089
f 1130/1130 1131/1131 1089/1089
f 1089/1089 1131/1131 1132/1132
f 1133/1133 1134/1134 1135/1135
f 1134/1134 1136/1136 1135/1135
f 1135/1135 1136/1136 1112/1112
f 1137/1137 1138/1138 1139/1139
f 1138/1138 1140/1140 1139/1139
f 1139/1139 1140/1140 1141/1141
f 1140/1140 1142/1142 1141/1141
f 1141/1141 1142/1142 1143/1143
f 1142/1142 1144/1144 1143/1143
f 1143/1143 1144/1144 1145/1145
f 1144/1144 1146/1146 1145/1145
f 1145/1145 1146/1146 1147/1147
f 1146/1146 1148/1148 1147/1147
f 1147/1147 1148/1148 1149/1149
f 1148/1148 1150/1150 1149/1149
f 1149/1149 1150/1150 1151/1151
f 1150/1150 1152/1152 1151/1151
f 1151/1151 1152/1152 1153/1153
f 1144/1144 1154/1154 1146/1146
f 1154/1154 1155/1155 1146/1146
f 1146/1146 1155/1155 1148/1148
f 1155/1155 1156/1156 1148/1148
f 1148/1148 1156/1156 1150/1150
f 1156/1156 1157/1157 1150/1150
f 1150/1150 1157/1157 1152/1152
f 1157/1157 1158/1158 1152/1152
f 1154/1154 1159/1159 1155/1155
f 1159/1159 1160/1160 1155/1155
f 1155/1155 1160/1160 1156/1156
f 1160/1160 1161/1161 1156/1156
f 1156/1156 1161/1161 1157/1157
f 1161/1161 1162/1162 1157/1157
f 1157/1157 1162/1162 1158/1158
f 1159/1159 1163/1163 1160/1160
f 1163/1163 1164/1164 1160/1160
f 1160/1160 1164/1164 1161/1161
f 1164/1164 1165/1165 1161/1161
f 1161/1161 1165/1165 1162/1162
f 1163/1163 1159/1159 1166/1166
f 1159/1159 1167/1167 1166/1166
f 1166/1166 1167/1167 1168/1168
f 1167/1167 1138/1138 1168/1168
f 1159/1159 1154/1154 1167/1167
f 1154/1154 1142/1142 1167/1167
f 1167/1167 1142/1142 1140/1140
f 1169/1169 1170/1170 1171/1171
f 1170/1170 1172/1172 1171/1171
f 1171/1171 1172/1172 1091/1091
f 9/9 1173/1173 7/7
f 1173/1173 1174/1174 7/7
f 7/7 1174/1174 1175/1175
f 1176/1176 1177/1177 1178/1178
f 1177/1177 1179/1179 1178/1178
f 1178/1178 1179/1179 1166/1166
f 1180/1180 1181/1181 1182/1182
f 1181/1181 1183/1183 1182/1182
f 1182/1182 1183/1183 1145/1145
f 1145/1145 1184/1184 1143/1143
f 1184/1184 1185/1185 1143/1143
f 1143/1143 1185/1185 1186/1186
f 1187/1187 1188/1188 1189/1189
f 1188/1188 1190/1190 1189/1189
f 1189/1189 1190/1190 920/920
f 868/868 1191/1191 866/866
f 1191/1191 1192/1192 866/866
f 1192/1192 1191/1191 1193/1193
f 1191/1191 1194/1194 1193/1193
f 1195/1195 1196/1196 1197/1197
f 1196/1196 1198/1198 1197/1197
f 1197/1197 1198/1198 1199/1199
f 1198/1198 1200/1200 1199/1199
f 1199/1199 1200/1200 1201/1201
f 1200/1200 1202/1202 1201/1201
f 1201/1201 1202/1202 1203/1203
f 1202/1202 1204/1204 1203/1203
f 1196/1196 1205/1205 1198/1198
f 1205/1205 1206/1206 1198/1198
f 1198/1198 1206/1206 1200/1200
f 1206/1206 1207/1207 1200/1200
f 1200/1200 1207/1207 1202/1202
f 1207/1207 1208/1208 1202/1202
f 1202/1202 1208/1208 1204/1204
f 1208/1208 1209/1209 1204/1204
f 1205/1205 1210/1210 1206/1206
f 1210/1210 1211/1211 1206/1206
f 1206/1206 1211/1211 1207/1207
f 1211/1211 1212/1212 1207/1207
f 1207/1207 1212/1212 1208/1208
f 1212/1212 1213/1213 1208/1208
f 1208/1208 1213/1213 1209/1209
f 1213/1213 1214/1214 1209/1209
f 1209/1209 1214/1214 1215/1215
f 1210/1210 1216/1216 1211/1211
f 1216/1216 1217/1217 1211/1211
f 1211/1211 1217/1217 1212/1212
f 1217/1217 1218/1218 1212/1212
f 1212/1212 1218/1218 1213/1213
f 1218/1218 1219/1219 1213/1213
f 1213/1213 1219/1219 1220/1220
f 1219/1219 1221/1221 1220/1220
f 1220/1220 1221/1221 1222/1222
f 1221/1221 1219/1219 1223/1223
f 1219/1219 1218/1218 1223/1223
f 1223/1223 1218/1218 1224/1224
f 1218/1218 1217/1217 1224/1224
f 1224/1224 1217/1217 1216/1216
f 1216/1216 1225/1225 1224/1224
f 1225/1225 1226/1226 1224/1224
f 1224/1224 1226/1226 1227/1227
f 1197/1197 1199/1199 1228/1228
f 1199/1199 1229/1229 1228/1228
f 1199/1199 1201/1201 1229/1229
f 1201/1201 1230/1230 1229/1229
f 1210/1210 1231/1231 1216/1216
f 1231/1231 1232/1232 1216/1216
f 1232/1232 1231/1231 1233/1233
f 1231/1231 1234/1234 1233/1233
f 1209/1209 1215/1215 1235/1235
f 1215/1215 1236/1236 1235/1235
f 1237/1237 1238/1238 1239/1239
f 1238/1238 1240/1240 1239/1239
f 1239/1239 1240/1240 1241/1241
f 1240/1240 1242/1242 1241/1241
f 1241/1241 1242/1242 1243/1243
f 1242/1242 1244/1244 1243/1243
f 1243/1243 1244/1244 1245/1245
f 1244/1244 1246/1246 1245/1245
f 1245/1245 1246/1246 1247/1247
f 1246/1246 1248/1248 1247/1247
f 1247/1247 1248/1248 1249/1249
f 1248/1248 1250/1250 1249/1249
f 1249/1249 1250/1250 1251/1251
f 1250/1250 1252/1252 1251/1251
f 1251/1251 1252/1252 1253/1253
f 1244/1244 1254/1254 1246/1246
f 1254/1254 1255/1255 1246/1246
f 1246/1246 1255/1255 1248/1248
f 1255/1255 1256/1256 1248/1248
f 1248/1248 1256/1256 1250/1250
f 1256/1256 1257/1257 1250/1250
f 1250/1250 1257/1257 1252/1252
f 1257/1257 1258/1258 1252/1252
f 1254/1254 1259/1259 1255/1255
f 1259/1259 1260/1260 1255/1255
f 1255/1255 1260/1260 1256/1256
f 1260/1260 1261/1261 1256/1256
f 1256/1256 1261/1261 1257/1257
f 1261/1261 1262/1262 1257/1257
f 1257/1257 1262/1262 1258/1258
f 1259/1259 1263/1263 1260/1260
f 1263/1263 1264/1264 1260/1260
f 1260/1260 1264/1264 1261/1261
f 1264/1264 1265/1265 1261/1261
f 1261/1261 1265/1265 1262/1262
f 1263/1263 1259/1259 1266/1266
f 1259/1259 1267/1267 1266/1266
f 1266/1266 1267/1267 1268/1268
f 1267/1267 1238/1238 1268/1268
f 1259/1259 1254/1254 1267/1267
f 1254/1254 1242/1242 1267/1267
f 1267/1267 1242/1242 1240/1240
f 356/356 358/358 1269/1269
f 358/358 1270/1270 1269/1269
f 1270/1270 358/358 1271/1271
f 358/358 360/360 1271/1271
f 1272/1272 1273/1273 1274/1274
f 1273/1273 1275/1275 1274/1274
f 1274/1274 1275/1275 1276/1276
f 1275/1275 1277/1277 1276/1276
f 1276/1276 1277/1277 1278/1278
f 1277/1277 1279/1279 1278/1278
f 1278/1278 1279/1279 1280/1280
f 1279/1279 1281/1281 1280/1280
f 1280/1280 1281/1281 1282/1282
f 1281/1281 1283/1283 1282/1282
f 1282/1282 1283/1283 1284/1284
f 1283/1283 1285/1285 1284/1284
f 1284/1284 1285/1285 1286/1286
f 1285/1285 1287/1287 1286/1286
f 1286/1286 1287/1287 1288/1288
f 1279/1279 1289/1289 1281/1281
f 1289/1289 1290/1290 1281/1281
f 1281/1281 1290/1290 1283/1283
f 1290/1290 1291/1291 1283/1283
f 1283/1283 1291/1291 1285/1285
f 1291/1291 1292/1292 1285/1285
f 1285/1285 1292/1292 1287/1287
f 1292/1292 1293/1293 1287/1287
f 1289/1289 1294/1294 1290/1290
f 1294/1294 1295/1295 1290/1290
f 1290/1290 1295/1295 1291/1291
f 1295/1295 1296/1296 1291/1291
f 1291/1291 1296/1296 1292/1292
f 1296/1296 1297/1297 1292/1292
f 1292/1292 1297/1297 1293/1293
f 1294/1294 1298/1298 1295/1295
f 1298/1298 1299/1299 1295/1295
f 1295/1295 1299/1299 1296/1296
f 1299/1299 1300/1300 1296/1296
f 1296/1296 1300/1300 1297/1297
f 1298/1298 1294/1294 1301/1301
f 1294/1294 1302/1302 1301/1301
f 1301/1301 1302/1302 1303/1303
f 1302/1302 1273/1273 1303/1303
f 1294/1294 1289/1289 1302/1302
f 1289/1289 1277/1277 1302/1302
f 1302/1302 1277/1277 1275/1275
f 1304/1304 1305/1305 1306/1306
f 1305/1305 1307/1307 1306/1306
f 1306/1306 1307/1307 1266/1266
f 1308/1308 1309/1309 1310/1310
f 1309/1309 1311/1311 1310/1310
f 1310/1310 1311/1311 1245/1245
f 1312/1312 1313/1313 1314/1314
f 1313/1313 1315/1315 1314/1314
f 1314/1314 1315/1315 1280/1280
f 1280/1280 1316/1316 1278/1278
f 1316/1316 1317/1317 1278/1278
f 1278/1278 1317/1317 1318/1318
f 1319/1319 1320/1320 1321/1321
f 1320/1320 1322/1322 1321/1321
f 1321/1321 1322/1322 1301/1301
f 1323/1323 1324/1324 1325/1325
f 1324/1324 1326/1326 1325/1325
f 1325/1325 1326/1326 1327/1327
f 1326/1326 1328/1328 1327/1327
f 1327/1327 1328/1328 1329/1329
f 1328/1328 1330/1330 1329/1329
f 1329/1329 1330/1330 1331/1331
f 1330/1330 1332/1332 1331/1331
f 1331/1331 1332/1332 1333/1333
f 1332/1332 1334/1334 1333/1333
f 1333/1333 1334/1334 1335/1335
f 1334/1334 1336/1336 1335/1335
f 1335/1335 1336/1336 1337/1337
f 1336/1336 1338/1338 1337/1337
f 1337/1337 1338/1338 1339/1339
f 1330/1330 1340/1340 1332/1332
f 1340/1340 1341/1341 1332/1332
f 1332/1332 1341/1341 1334/1334
f 1341/1341 1342/1342 1334/1334
f 1334/1334 1342/1342 1336/1336
f 1342/1342 1343/1343 1336/1336
f 1336/1336 1343/1343 1338/1338
f 1343/1343 1344/1344 1338/1338
f 1340/1340 1345/1345 1341/1341
f 1345/1345 1346/1346 1341/1341
f 1341/1341 1346/1346 1342/1342
f 1346/1346 1347/1347 1342/1342
f 1342/1342 1347/1347 1343/1343
f 1347/1347 1348/1348 1343/1343
f 1343/1343 1348/1348 1344/1344
f 1345/1345 1349/1349 1346/1346
f 1349/1349 1350/1350 1346/1346
f 1346/1346 1350/1350 1347/1347
f 1350/1350 1351/1351 1347/1347
f 1347/1347 1351/1351 1348/1348
f 1349/1349 1345/1345 1352/1352
f 1345/1345 1353/1353 1352/1352
f 1352/1352 1353/1353 1354/1354
f 1353/1353 1324/1324 1354/1354
f 1345/1345 1340/1340 1353/1353
f 1340/1340 1328/1328 1353/1353
f 1353/1353 1328/1328 1326/1326
f 1241/1241 1243/1243 1355/1355
f 1243/1243 1356/1356 1355/1355
f 1356/1356 1243/1243 1357/1357
f 1243/1243 1245/1245 1357/1357
f 1354/1354 1358/1358 1352/1352
f 1358/1358 1359/1359 1352/1352
f 1359/1359 1358/1358 1360/1360
f 1358/1358 1361/1361 1360/1360
f 1327/1327 1329/1329 1362/1362
f 1329/1329 1363/1363 1362/1362
f 1363/1363 1329/1329 1364/1364
f 1329/1329 1331/1331 1364/1364
f 1365/1365 1366/1366 1367/1367
f 1366/1366 1368/1368 1367/1367
f 1367/1367 1368/1368 1369/1369
f 1368/1368 1370/1370 1369/1369
f 1369/1369 1370/1370 1371/1371
f 1370/1370 1372/1372 1371/1371
f 1371/1371 1372/1372 1373/1373
f 1372/1372 1374/1374 1373/1373
f 1373/1373 1374/1374 1375/1375
f 1374/1374 1376/1376 1375/1375
f 1375/1375 1376/1376 1377/1377
f 1376/1376 1378/1378 1377/1377
f 1377/1377 1378/1378 1379/1379
f 1378/1378 1380/1380 1379/1379
f 1379/1379 1380/1380 1381/1381
f 1372/1372 1382/1382 1374/1374
f 1382/1382 1383/1383 1374/1374
f 1374/1374 1383/1383 1376/1376
f 1383/1383 1384/1384 1376/1376
f 1376/1376 1384/1384 1378/1378
f 1384/1384 1385/1385 1378/1378
f 1378/1378 1385/1385 1380/1380
f 1385/1385 1386/1386 1380/1380
f 1382/1382 1387/1387 1383/1383
f 1387/1387 1388/1388 1383/1383
f 1383/1383 1388/1388 1384/1384
f 1388/1388 1389/1389 1384/1384
f 1384/1384 1389/1389 1385/1385
f 1389/1389 1390/1390 1385/1385
f 1385/1385 1390/1390 1386/1386
f 1387/1387 1391/1391 1388/1388
f 1391/1391 1392/1392 1388/1388
f 1388/1388 1392/1392 1389/1389
f 1392/1392 1393/1393 1389/1389
f 1389/1389 1393/1393 1390/1390
f 1391/1391 1387/1387 1394/1394
f 1387/1387 1395/1395 1394/1394
f 1394/1394 1395/1395 1396/1396
f 1395/1395 1366/1366 1396/1396
f 1387/1387 1382/1382 1395/1395
f 1382/1382 1370/1370 1395/1395
f 1395/1395 1370/1370 1368/1368
f 1397/1397 1398/1398 1399/1399
f 1398/1398 1400/1400 1399/1399
f 1399/1399 1400/1400 1373/1373
f 1401/1401 1402/1402 1403/1403
f 1402/1402 1404/1404 1403/1403
f 1403/1403 1404/1404 1405/1405
f 1404/1404 1406/1406 1405/1405
f 1405/1405 1406/1406 1407/1407
f 1406/1406 1408/1408 1407/1407
f 1407/1407 1408/1408 1409/1409
f 1408/1408 1410/1410 1409/1409
f 1409/1409 1410/1410 1411/1411
f 1410/1410 1412/1412 1411/1411
f 1411/1411 1412/1412 1413/1413
f 1412/1412 1414/1414 1413/1413
f 1413/1413 1414/1414 1415/1415
f 1414/1414 1416/1416 1415/1415
f 1415/1415 1416/1416 1417/1417
f 1408/1408 1418/1418 1410/1410
f 1418/1418 1419/1419 1410/1410
f 1410/1410 1419/1419 1412/1412
f 1419/1419 1420/1420 1412/1412
f 1412/1412 1420/1420 1414/1414
f 1420/1420 1421/1421 1414/1414
f 1414/1414 1421/1421 1416/1416
f 1421/1421 1422/1422 1416/1416
f 1418/1418 1423/1423 1419/1419
f 1423/1423 1424/1424 1419/1419
f 1419/1419 1424/1424 1420/1420
f 1424/1424 1425/1425 1420/1420
f 1420/1420 1425/1425 1421/1421
f 1425/1425 1426/1426 1421/1421
f 1421/1421 1426/1426 1422/1422
f 1423/1423 1427/1427 1424/1424
f 1427/1427 1428/1428 1424/1424
f 1424/1424 1428/1428 1425/1425
f 1428/1428 1429/1429 1425/1425
f 1425/1425 1429/1429 1426/1426
f 1427/1427 1423/1423 1430/1430
f 1423/1423 1431/1431 1430/1430
f 1430/1430 1431/1431 1432/1432
f 1431/1431 1402/1402 1432/1432
f 1423/1423 1418/1418 1431/1431
f 1418/1418 1406/1406 1431/1431
f 1431/1431 1406/1406 1404/1404
f 1373/1373 1433/1433 1371/1371
f 1433/1433 1434/1434 1371/1371
f 1371/1371 1434/1434 1435/1435
f 325/325 323/323 1436/1436
f 323/323 1437/1437 1436/1436
f 323/323 321/321 1437/1437
f 321/321 1438/1438 1437/1437
f 321/321 319/319 1438/1438
f 319/319 310/310 1438/1438
f 1333/1333 1439/1439 1331/1331
f 1439/1439 1440/1440 1331/1331
f 1440/1440 1439/1439 1441/1441
f 1439/1439 1442/1442 1441/1441
f 1443/1443 1444/1444 1445/1445
f 1444/1444 1446/1446 1445/1445
f 1445/1445 1446/1446 1394/1394
f 1447/1447 1448/1448 1449/1449
f 1448/1448 1450/1450 1449/1449
f 1449/1449 1450/1450 1430/1430
f 1451/1451 1452/1452 1453/1453
f 1452/1452 1454/1454 1453/1453
f 1453/1453 1454/1454 1409/1409
f 1405/1405 1407/1407 1455/1455
f 1407/1407 1456/1456 1455/1455
f 1456/1456 1407/1407 1457/1457
f 1407/1407 1409/1409 1457/1457
f 1458/1458 1459/1459 1460/1460
f 1459/1459 1461/1461 1460/1460
f 1460/1460 1461/1461 1462/1462
f 1460/1460 1462/1462 1463/1463
f 1462/1462 1464/1464 1463/1463
f 1463/1463 1464/1464 1465/1465
f 1464/1464 1466/1466 1465/1465
f 1465/1465 1466/1466 1467/1467
f 1466/1466 1468/1468 1467/1467
f 1467/1467 1468/1468 1469/1469
f 1468/1468 1470/1470 1469/1469
f 1469/1469 1470/1470 1471/1471
f 1471/1471 1472/1472 1469/1469
f 1472/1472 1473/1473 1469/1469
f 1469/1469 1473/1473 1467/1467
f 1473/1473 1474/1474 1467/1467
f 1467/1467 1474/1474 1465/1465
f 1474/1474 1475/1475 1465/1465
f 1465/1465 1475/1475 1463/1463
f 1472/1472 1476/1476 1473/1473
f 1476/1476 1477/1477 1473/1473
f 1473/1473 1477/1477 1474/1474
f 1477/1477 1478/1478 1474/1474
f 1474/1474 1478/1478 1475/1475
f 1479/1479 1480/1480 1481/1481
f 1480/1480 1482/1482 1481/1481
f 1481/1481 1482/1482 1483/1483
f 1481/1481 1483/1483 1484/1484
f 1483/1483 1485/1485 1484/1484
f 1484/1484 1485/1485 1486/1486
f 1485/1485 1487/1487 1486/1486
f 1486/1486 1487/1487 1488/1488
f 1487/1487 1489/1489 1488/1488
f 1489/1489 1487/1487 1490/1490
f 1487/1487 1485/1485 1490/1490
f 1490/1490 1485/1485 1491/1491
f 1485/1485 1492/1492 1491/1491
f 1491/1491 1492/1492 1466/1466
f 1492/1492 1468/1468 1466/1466
f 1466/1466 1464/1464 1491/1491
f 1464/1464 1493/1493 1491/1491
f 1491/1491 1493/1493 1490/1490
f 1493/1493 1494/1494 1490/1490
f 1490/1490 1494/1494 1489/1489
f 1494/1494 1495/1495 1489/1489
f 1464/1464 1462/1462 1493/1493
f 1462/1462 1494/1494 1493/1493
f 1462/1462 1496/1496 1494/1494
f 1496/1496 1497/1497 1494/1494
f 1494/1494 1497/1497 1495/1495
f 1470/1470 1468/1468 1498/1498
f 1468/1468 1492/1492 1498/1498
f 1498/1498 1492/1492 1483/1483
f 1492/1492 1485/1485 1483/1483
f 1499/1499 1500/1500 1501/1501
f 1500/1500 1502/1502 1501/1501
f 1501/1501 1502/1502 1503/1503
f 1502/1502 1504/1504 1503/1503
f 1503/1503 1504/1504 1505/1505
f 1504/1504 1506/1506 1505/1505
f 1505/1505 1506/1506 1507/1507
f 1506/1506 1508/1508 1507/1507
f 1507/1507 1508/1508 1509/1509
f 1508/1508 1510/1510 1509/1509
f 1509/1509 1510/1510 1511/1511
f 1510/1510 1512/1512 1511/1511
f 1511/1511 1512/1512 1513/1513
f 1512/1512 1514/1514 1513/1513
f 1513/1513 1514/1514 1515/1515
f 1514/1514 1516/1516 1515/1515
f 1515/1515 1516/1516 1517/1517
f 1516/1516 1518/1518 1517/1517
f 1517/1517 1518/1518 1519/1519
f 1518/1518 1520/1520 1519/1519
f 1519/1519 1520/1520 1521/1521
f 1520/1520 1522/1522 1521/1521
f 1521/1521 1522/1522 1523/1523
f 1522/1522 1524/1524 1523/1523
f 1523/1523 1524/1524 1525/1525
f 1524/1524 1526/1526 1525/1525
f 1525/1525 1526/1526 1527/1527
f 1526/1526 1528/1528 1527/1527
f 1527/1527 1528/1528 1529/1529
f 1528/1528 1530/1530 1529/1529
f 1529/1529 1530/1530 1531/1531
f 1530/1530 1532/1532 1531/1531
f 1531/1531 1532/1532 1533/1533
f 1532/1532 1534/1534 1533/1533
f 1533/1533 1534/1534 1535/1535
f 1534/1534 1536/1536 1535/1535
f 1535/1535 1536/1536 1537/1537
f 1536/1536 1538/1538 1537/1537
f 1537/1537 1538/1538 1539/1539
f 1538/1538 1540/1540 1539/1539
f 1539/1539 1540/1540 1541/1541
f 1540/1540 1542/1542 1541/1541
f 1539/1539 1543/1543 1537/1537
f 1543/1543 1544/1544 1537/1537
f 1537/1537 1544/1544 1545/1545
f 1544/1544 1546/1546 1545/1545
f 1545/1545 1546/1546 1533/1533
f 1546/1546 1547/1547 1533/1533
f 1533/1533 1547/1547 1531/1531
f 1547/1547 1548/1548 1531/1531
f 1531/1531 1548/1548 1529/1529
f 1548/1548 1549/1549 1529/1529
f 1529/1529 1549/1549 1527/1527
f 1549/1549 1550/1550 1527/1527
f 1527/1527 1550/1550 1525/1525
f 1550/1550 1551/1551 1525/1525
f 1525/1525 1551/1551 1523/1523
f 1551/1551 1552/1552 1523/1523
f 1523/1523 1552/1552 1521/1521
f 1552/1552 1553/1553 1521/1521
f 1521/1521 1553/1553 1519/1519
f 1553/1553 1554/1554 1519/1519
f 1519/1519 1554/1554 1555/1555
f 1554/1554 1556/1556 1555/1555
f 1555/1555 1556/1556 1515/1515
f 1556/1556 1557/1557 1515/1515
f 1515/1515 1557/1557 1513/1513
f 1557/1557 1558/1558 1513/1513
f 1513/1513 1558/1558 1559/1559
f 1558/1558 1560/1560 1559/1559
f 1559/1559 1560/1560 1509/1509
f 1560/1560 1561/1561 1509/1509
f 1509/1509 1561/1561 1507/1507
f 1561/1561 1562/1562 1507/1507
f 1507/1507 1562/1562 1563/1563
f 1562/1562 1564/1564 1563/1563
f 1563/1563 1564/1564 1503/1503
f 1564/1564 1565/1565 1503/1503
f 1503/1503 1565/1565 1501/1501
f 1565/1565 1566/1566 1501/1501
f 1501/1501 1566/1566 1567/1567
f 1566/1566 1568/1568 1567/1567
f 1567/1567 1568/1568 1569/1569
f 1568/1568 1570/1570 1569/1569
f 1544/1544 1571/1571 1546/1546
f 1571/1571 1572/1572 1546/1546
f 1546/1546 1572/1572 1573/1573
f 1572/1572 1574/1574 1573/1573
f 1573/1573 1574/1574 1548/1548
f 1574/1574 1575/1575 1548/1548
f 1548/1548 1575/1575 1549/1549
f 1575/1575 1576/1576 1549/1549
f 1549/1549 1576/1576 1550/1550
f 1576/1576 1577/1577 1550/1550
f 1550/1550 1577/1577 1551/1551
f 1577/1577 1578/1578 1551/1551
f 1551/1551 1578/1578 1552/1552
f 1578/1578 1579/1579 1552/1552
f 1552/1552 1579/1579 1553/1553
f 1579/1579 1580/1580 1553/1553
f 1553/1553 1580/1580 1554/1554
f 1580/1580 1581/1581 1554/1554
f 1554/1554 1581/1581 1556/1556
f 1581/1581 1582/1582 1556/1556
f 1556/1556 1582/1582 1583/1583
f 1582/1582 1584/1584 1583/1583
f 1583/1583 1584/1584 1558/1558
f 1584/1584 1585/1585 1558/1558
f 1558/1558 1585/1585 1586/1586
f 1585/1585 1587/1587 1586/1586
f 1586/1586 1587/1587 1588/1588
f 1587/1587 1589/1589 1588/1588
f 1588/1588 1589/1589 1562/1562
f 1589/1589 1590/1590 1562/1562
f 1562/1562 1590/1590 1564/1564
f 1590/1590 1591/1591 1564/1564
f 1564/1564 1591/1591 1592/1592
f 1591/1591 1593/1593 1592/1592
f 1592/1592 1593/1593 1566/1566
f 1593/1593 1594/1594 1566/1566
f 1566/1566 1594/1594 1568/1568
f 1594/1594 1595/1595 1568/1568
f 1568/1568 1595/1595 1596/1596
f 1595/1595 1597/1597 1596/1596
f 1596/1596 1597/1597 1598/1598
f 1597/1597 1599/1599 1598/1598
f 1572/1572 1600/1600 1574/1574
f 1600/1600 1601/1601 1574/1574
f 1574/1574 1601/1601 1602/1602
f 1601/1601 1603/1603 1602/1602
f 1602/1602 1603/1603 1576/1576
f 1603/1603 1604/1604 1576/1576
f 1576/1576 1604/1604 1577/1577
f 1604/1604 1605/1605 1577/1577
f 1577/1577 1605/1605 1578/1578
f 1605/1605 1606/1606 1578/1578
f 1578/1578 1606/1606 1579/1579
f 1606/1606 1607/1607 1579/1579
f 1579/1579 1607/1607 1580/1580
f 1607/1607 1608/1608 1580/1580
f 1580/1580 1608/1608 1581/1581
f 1608/1608 1609/1609 1581/1581
f 1581/1581 1609/1609 1582/1582
f 1609/1609 1610/1610 1582/1582
f 1582/1582 1610/1610 1584/1584
f 1610/1610 1611/1611 1584/1584
f 1584/1584 1611/1611 1612/1612
f 1611/1611 1613/1613 1612/1612
f 1612/1612 1613/1613 1587/1587
f 1613/1613 1614/1614 1587/1587
f 1587/1587 1614/1614 1615/1615
f 1614/1614 1616/1616 1615/1615
f 1615/1615 1616/1616 1617/1617
f 1616/1616 1618/1618 1617/1617
f 1617/1617 1618/1618 1619/1619
f 1618/1618 1620/1620 1619/1619
f 1619/1619 1620/1620 1621/1621
f 1620/1620 1622/1622 1621/1621
f 1621/1621 1622/1622 1623/1623
f 1622/1622 1624/1624 1623/1623
f 1623/1623 1624/1624 1625/1625
f 1624/1624 1626/1626 1625/1625
f 1625/1625 1626/1626 1627/1627
f 1626/1626 1628/1628 1627/1627
f 1627/1627 1628/1628 1629/1629
f 1628/1628 1630/1630 1629/1629
f 1629/1629 1630/1630 1631/1631
f 1630/1630 1632/1632 1631/1631
f 1601/1601 1633/1633 1603/1603
f 1633/1633 1634/1634 1603/1603
f 1603/1603 1634/1634 1635/1635
f 1634/1634 1636/1636 1635/1635
f 1635/1635 1636/1636 1605/1605
f 1636/1636 1637/1637 1605/1605
f 1605/1605 1637/1637 1606/1606
f 1637/1637 1638/1638 1606/1606
f 1606/1606 1638/1638 1607/1607
f 1638/1638 1639/1639 1607/1607
f 1607/1607 1639/1639 1608/1608
f 1639/1639 1640/1640 1608/1608
f 1608/1608 1640/1640 1609/1609
f 1640/1640 1641/1641 1609/1609
f 1609/1609 1641/1641 1610/1610
f 1641/1641 1642/1642 1610/1610
f 1610/1610 1642/1642 1611/1611
f 1642/1642 1643/1643 1611/1611
f 1611/1611 1643/1643 1613/1613
f 1643/1643 1644/1644 1613/1613
f 1613/1613 1644/1644 1645/1645
f 1644/1644 1646/1646 1645/1645
f 1645/1645 1646/1646 1616/1616
f 1646/1646 1647/1647 1616/1616
f 1616/1616 1647/1647 1648/1648
f 1647/1647 1649/1649 1648/1648
f 1648/1648 1649/1649 1650/1650
f 1649/1649 1651/1651 1650/1650
f 1650/1650 1651/1651 1622/1622
f 1651/1651 1652/1652 1622/1622
f 1622/1622 1652/1652 1624/1624
f 1652/1652 1653/1653 1624/1624
f 1624/1624 1653/1653 1654/1654
f 1653/1653 1655/1655 1654/1654
f 1654/1654 1655/1655 1628/1628
f 1655/1655 1656/1656 1628/1628
f 1628/1628 1656/1656 1657/1657
f 1656/1656 1658/1658 1657/1657
f 1657/1657 1658/1658 1659/1659
f 1658/1658 1660/1660 1659/1659
f 1659/1659 1660/1660 1661/1661
f 1660/1660 1662/1662 1661/1661
f 1661/1661 1662/1662 1663/1663
f 1662/1662 1664/1664 1663/1663
f 1663/1663 1664/1664 1665/1665
f 1634/1634 1666/1666 1636/1636
f 1666/1666 1667/1667 1636/1636
f 1636/1636 1667/1667 1668/1668
f 1667/1667 1669/1669 1668/1668
f 1668/1668 1669/1669 1638/1638
f 1669/1669 1670/1670 1638/1638
f 1638/1638 1670/1670 1639/1639
f 1670/1670 1671/1671 1639/1639
f 1639/1639 1671/1671 1640/1640
f 1671/1671 1672/1672 1640/1640
f 1640/1640 1672/1672 1641/1641
f 1672/1672 1673/1673 1641/1641
f 1641/1641 1673/1673 1642/1642
f 1673/1673 1674/1674 1642/1642
f 1642/1642 1674/1674 1643/1643
f 1674/1674 1675/1675 1643/1643
f 1643/1643 1675/1675 1644/1644
f 1675/1675 1676/1676 1644/1644
f 1644/1644 1676/1676 1646/1646
f 1676/1676 1677/1677 1646/1646
f 1646/1646 1677/1677 1678/1678
f 1677/1677 1679/1679 1678/1678
f 1678/1678 1679/1679 1649/1649
f 1679/1679 1680/1680 1649/1649
f 1649/1649 1680/1680 1681/1681
f 1680/1680 1682/1682 1681/1681
f 1681/1681 1682/1682 1683/1683
f 1682/1682 1684/1684 1683/1683
f 1683/1683 1684/1684 1685/1685
f 1684/1684 1686/1686 1685/1685
f 1685/1685 1686/1686 1687/1687
f 1686/1686 1688/1688 1687/1687
f 1687/1687 1688/1688 1689/1689
f 1688/1688 1690/1690 1689/1689
f 1689/1689 1690/1690 1691/1691
f 1690/1690 1692/1692 1691/1691
f 1691/1691 1692/1692 1693/1693
f 1692/1692 1694/1694 1693/1693
f 1693/1693 1694/1694 1695/1695
f 1694/1694 1696/1696 1695/1695
f 1695/1695 1696/1696 1697/1697
f 1696/1696 1698/1698 1697/1697
f 1667/1667 1699/1699 1669/1669
f 1699/1699 1700/1700 1669/1669
f 1669/1669 1700/1700 1701/1701
f 1700/1700 1702/1702 1701/1701
f 1701/1701 1702/1702 1671/1671
f 1702/1702 1703/1703 1671/1671
f 1671/1671 1703/1703 1672/1672
f 1703/1703 1704/1704 1672/1672
f 1672/1672 1704/1704 1673/1673
f 1704/1704 1705/1705 1673/1673
f 1673/1673 1705/1705 1674/1674
f 1705/1705 1706/1706 1674/1674
f 1674/1674 1706/1706 1675/1675
f 1706/1706 1707/1707 1675/1675
f 1675/1675 1707/1707 1676/1676
f 1707/1707 1708/1708 1676/1676
f 1676/1676 1708/1708 1677/1677
f 1708/1708 1709/1709 1677/1677
f 1677/1677 1709/1709 1679/1679
f 1709/1709 1710/1710 1679/1679
f 1679/1679 1710/1710 1711/1711
f 1710/1710 1712/1712 1711/1711
f 1711/1711 1712/1712 1682/1682
f 1712/1712 1713/1713 1682/1682
f 1682/1682 1713/1713 1714/1714
f 1713/1713 1715/1715 1714/1714
f 1714/1714 1715/1715 1716/1716
f 1715/1715 1717/1717 1716/1716
f 1716/1716 1717/1717 1718/1718
f 1717/1717 1719/1719 1718/1718
f 1718/1718 1719/1719 1720/1720
f 1719/1719 1721/1721 1720/1720
f 1720/1720 1721/1721 1722/1722
f 1721/1721 1723/1723 1722/1722
f 1722/1722 1723/1723 1724/1724
f 1723/1723 1725/1725 1724/1724
f 1724/1724 1725/1725 1726/1726
f 1725/1725 1727/1727 1726/1726
f 1726/1726 1727/1727 1728/1728
f 1727/1727 1729/1729 1728/1728
f 1728/1728 1729/1729 1730/1730
f 1729/1729 1731/1731 1730/1730
f 1700/1700 1732/1732 1702/1702
f 1732/1732 1733/1733 1702/1702
f 1702/1702 1733/1733 1734/1734
f 1733/1733 1735/1735 1734/1734
f 1734/1734 1735/1735 1704/1704
f 1735/1735 1736/1736 1704/1704
f 1704/1704 1736/1736 1705/1705
f 1736/1736 1737/1737 1705/1705
f 1705/1705 1737/1737 1706/1706
f 1737/1737 1738/1738 1706/1706
f 1706/1706 1738/1738 1707/1707
f 1738/1738 1739/1739 1707/1707
f 1707/1707 1739/1739 1708/1708
f 1739/1739 1740/1740 1708/1708
f 1708/1708 1740/1740 1709/1709
f 1740/1740 1741/1741 1709/1709
f 1709/1709 1741/1741 1710/1710
f 1741/1741 1742/1742 1710/1710
f 1710/1710 1742/1742 1712/1712
f 1742/1742 1743/1743 1712/1712
f 1712/1712 1743/1743 1744/1744
f 1743/1743 1745/1745 1744/1744
f 1744/1744 1745/1745 1715/1715
f 1745/1745 1746/1746 1715/1715
f 1715/1715 1746/1746 1717/1717
f 1746/1746 1747/1747 1717/1717
f 1717/1717 1747/1747 1748/1748
f 1747/1747 1749/1749 1748/1748
f 1748/1748 1749/1749 1721/1721
f 1749/1749 1750/1750 1721/1721
f 1721/1721 1750/1750 1723/1723
f 1750/1750 1751/1751 1723/1723
f 1723/1723 1751/1751 1752/1752
f 1751/1751 1753/1753 1752/1752
f 1752/1752 1753/1753 1727/1727
f 1753/1753 1754/1754 1727/1727
f 1727/1727 1754/1754 1729/1729
f 1754/1754 1755/1755 1729/1729
f 1729/1729 1755/1755 1756/1756
f 1755/1755 1757/1757 1756/1756
f 1756/1756 1757/1757 1758/1758
f 1757/1757 1759/1759 1758/1758
f 1733/1733 1760/1760 1735/1735
f 1760/1760 1761/1761 1735/1735
f 1735/1735 1761/1761 1762/1762
f 1761/1761 1763/1763 1762/1762
f 1762/1762 1763/1763 1737/1737
f 1763/1763 1764/1764 1737/1737
f 1737/1737 1764/1764 1738/1738
f 1764/1764 1765/1765 1738/1738
f 1738/1738 1765/1765 1739/1739
f 1765/1765 1766/1766 1739/1739
f 1739/1739 1766/1766 1740/1740
f 1766/1766 1767/1767 1740/1740
f 1740/1740 1767/1767 1741/1741
f 1767/1767 1768/1768 1741/1741
f 1741/1741 1768/1768 1742/1742
f 1768/1768 1769/1769 1742/1742
f 1742/1742 1769/1769 1743/1743
f 1769/1769 1770/1770 1743/1743
f 1743/1743 1770/1770 1745/1745
f 1770/1770 1771/1771 1745/1745
f 1745/1745 1771/1771 1772/1772
f 1771/1771 1773/1773 1772/1772
f 1772/1772 1773/1773 1747/1747
f 1773/1773 1774/1774 1747/1747
f 1747/1747 1774/1774 1749/1749
f 1774/1774 1775/1775 1749/1749
f 1749/1749 1775/1775 1776/1776
f 1775/1775 1777/1777 1776/1776
f 1776/1776 1777/1777 1751/1751
f 1777/1777 1778/1778 1751/1751
f 1751/1751 1778/1778 1753/1753
f 1778/1778 1779/1779 1753/1753
f 1753/1753 1779/1779 1780/1780
f 1779/1779 1781/1781 1780/1780
f 1780/1780 1781/1781 1755/1755
f 1781/1781 1782/1782 1755/1755
f 1755/1755 1782/1782 1757/1757
f 1782/1782 1783/1783 1757/1757
f 1757/1757 1783/1783 1784/1784
f 1783/1783 1785/1785 1784/1784
f 1784/1784 1785/1785 1786/1786
f 1785/1785 1787/1787 1786/1786
f 1761/1761 1788/1788 1763/1763
f 1788/1788 1789/1789 1763/1763
f 1763/1763 1789/1789 1790/1790
f 1789/1789 1791/1791 1790/1790
f 1790/1790 1791/1791 1765/1765
f 1791/1791 1792/1792 1765/1765
f 1765/1765 1792/1792 1766/1766
f 1792/1792 1793/1793 1766/1766
f 1766/1766 1793/1793 1767/1767
f 1793/1793 1794/1794 1767/1767
f 1767/1767 1794/1794 1768/1768
f 1794/1794 1795/1795 1768/1768
f 1768/1768 1795/1795 1769/1769
f 1795/1795 1796/1796 1769/1769
f 1769/1769 1796/1796 1770/1770
f 1796/1796 1797/1797 1770/1770
f 1770/1770 1797/1797 1771/1771
f 1797/1797 1798/1798 1771/1771
f 1771/1771 1798/1798 1773/1773
f 1798/1798 1799/1799 1773/1773
f 1773/1773 1799/1799 1800/1800
f 1799/1799 1801/1801 1800/1800
f 1800/1800 1801/1801 1775/1775
f 1801/1801 1802/1802 1775/1775
f 1775/1775 1802/1802 1777/1777
f 1802/1802 1803/1803 1777/1777
f 1777/1777 1803/1803 1804/1804
f 1803/1803 1805/1805 1804/1804
f 1804/1804 1805/1805 1779/1779
f 1805/1805 1806/1806 1779/1779
f 1779/1779 1806/1806 1781/1781
f 1806/1806 1807/1807 1781/1781
f 1781/1781 1807/1807 1808/1808
f 1807/1807 1809/1809 1808/1808
f 1808/1808 1809/1809 1783/1783
f 1809/1809 1810/1810 1783/1783
f 1783/1783 1810/1810 1811/1811
f 1810/1810 1812/1812 1811/1811
f 1811/1811 1812/1812 1813/1813
f 1812/1812 1814/1814 1813/1813
f 1813/1813 1814/1814 1815/1815
f 1814/1814 1816/1816 1815/1815
f 1815/1815 1816/1816 1817/1817
f 1816/1816 1818/1818 1817/1817
f 1817/1817 1818/1818 1819/1819
f 1789/1789 1820/1820 1791/1791
f 1820/1820 1821/1821 1791/1791
f 1791/1791 1821/1821 1822/1822
f 1821/1821 1823/1823 1822/1822
f 1822/1822 1823/1823 1793/1793
f 1823/1823 1824/1824 1793/1793
f 1793/1793 1824/1824 1794/1794
f 1824/1824 1825/1825 1794/1794
f 1794/1794 1825/1825 1795/1795
f 1825/1825 1826/1826 1795/1795
f 1795/1795 1826/1826 1796/1796
f 1826/1826 1827/1827 1796/1796
f 1796/1796 1827/1827 1797/1797
f 1827/1827 1828/1828 1797/1797
f 1797/1797 1828/1828 1798/1798
f 1828/1828 1829/1829 1798/1798
f 1798/1798 1829/1829 1799/1799
f 1829/1829 1830/1830 1799/1799
f 1799/1799 1830/1830 1801/1801
f 1830/1830 1831/1831 1801/1801
f 1801/1801 1831/1831 1832/1832
f 1831/1831 1833/1833 1832/1832
f 1832/1832 1833/1833 1803/1803
f 1833/1833 1834/1834 1803/1803
f 1803/1803 1834/1834 1835/1835
f 1834/1834 1836/1836 1835/1835
f 1835/1835 1836/1836 1837/1837
f 1836/1836 1838/1838 1837/1837
f 1837/1837 1838/1838 1807/1807
f 1838/1838 1839/1839 1807/1807
f 1807/1807 1839/1839 1809/1809
f 1839/1839 1840/1840 1809/1809
f 1809/1809 1840/1840 1841/1841
f 1840/1840 1842/1842 1841/1841
f 1841/1841 1842/1842 1812/1812
f 1842/1842 1843/1843 1812/1812
f 1812/1812 1843/1843 1844/1844
f 1843/1843 1845/1845 1844/1844
f 1844/1844 1845/1845 1846/1846
f 1845/1845 1847/1847 1846/1846
f 1846/1846 1847/1847 1848/1848
f 1847/1847 1849/1849 1848/1848
f 1821/1821 1850/1850 1823/1823
f 1850/1850 1851/1851 1823/1823
f 1823/1823 1851/1851 1852/1852
f 1851/1851 1853/1853 1852/1852
f 1852/1852 1853/1853 1825/1825
f 1853/1853 1854/1854 1825/1825
f 1825/1825 1854/1854 1826/1826
f 1854/1854 1855/1855 1826/1826
f 1826/1826 1855/1855 1827/1827
f 1855/1855 1856/1856 1827/1827
f 1827/1827 1856/1856 1828/1828
f 1856/1856 1857/1857 1828/1828
f 1828/1828 1857/1857 1829/1829
f 1857/1857 1858/1858 1829/1829
f 1829/1829 1858/1858 1830/1830
f 1858/1858 1859/1859 1830/1830
f 1830/1830 1859/1859 1831/1831
f 1859/1859 1860/1860 1831/1831
f 1831/1831 1860/1860 1833/1833
f 1860/1860 1861/1861 1833/1833
f 1833/1833 1861/1861 1862/1862
f 1861/1861 1863/1863 1862/1862
f 1862/1862 1863/1863 1836/1836
f 1863/1863 1864/1864 1836/1836
f 1836/1836 1864/1864 1865/1865
f 1864/1864 1866/1866 1865/1865
f 1865/1865 1866/1866 1867/1867
f 1866/1866 1868/1868 1867/1867
f 1867/1867 1868/1868 1869/1869
f 1868/1868 1870/1870 1869/1869
f 1869/1869 1870/1870 1871/1871
f 1870/1870 1872/1872 1871/1871
f 1871/1871 1872/1872 1873/1873
f 1872/1872 1874/1874 1873/1873
f 1873/1873 1874/1874 1875/1875
f 1874/1874 1876/1876 1875/1875
f 1875/1875 1876/1876 1877/1877
f 1876/1876 1878/1878 1877/1877
f 1877/1877 1878/1878 1879/1879
f 1878/1878 1880/1880 1879/1879
f 1879/1879 1880/1880 1881/1881
f 1880/1880 1882/1882 1881/1881
f 1851/1851 1883/1883 1853/1853
f 1883/1883 1884/1884 1853/1853
f 1853/1853 1884/1884 1885/1885
f 1884/1884 1886/1886 1885/1885
f 1885/1885 1886/1886 1855/1855
f 1886/1886 1887/1887 1855/1855
f 1855/1855 1887/1887 1856/1856
f 1887/1887 1888/1888 1856/1856
f 1856/1856 1888/1888 1857/1857
f 1888/1888 1889/1889 1857/1857
f 1857/1857 1889/1889 1858/1858
f 1889/1889 1890/1890 1858/1858
f 1858/1858 1890/1890 1859/1859
f 1890/1890 1891/1891 1859/1859
f 1859/1859 1891/1891 1860/1860
f 1891/1891 1892/1892 1860/1860
f 1860/1860 1892/1892 1861/1861
f 1892/1892 1893/1893 1861/1861
f 1861/1861 1893/1893 1863/1863
f 1893/1893 1894/1894 1863/1863
f 1863/1863 1894/1894 1895/1895
f 1894/1894 1896/1896 1895/1895
f 1895/1895 1896/1896 1866/1866
f 1896/1896 1897/1897 1866/1866
f 1866/1866 1897/1897 1898/1898
f 1897/1897 1899/1899 1898/1898
f 1898/1898 1899/1899 1900/1900
f 1899/1899 1901/1901 1900/1900
f 1900/1900 1901/1901 1902/1902
f 1901/1901 1903/1903 1902/1902
f 1902/1902 1903/1903 1904/1904
f 1903/1903 1905/1905 1904/1904
f 1904/1904 1905/1905 1906/1906
f 1905/1905 1907/1907 1906/1906
f 1906/1906 1907/1907 1908/1908
f 1907/1907 1909/1909 1908/1908
f 1908/1908 1909/1909 1910/1910
f 1909/1909 1911/1911 1910/1910
f 1910/1910 1911/1911 1912/1912
f 1911/1911 1913/1913 1912/1912
f 1912/1912 1913/1913 1914/1914
f 1913/1913 1915/1915 1914/1914
f 1884/1884 1916/1916 1886/1886
f 1916/1916 1917/1917 1886/1886
f 1886/1886 1917/1917 1918/1918
f 1917/1917 1919/1919 1918/1918
f 1918/1918 1919/1919 1888/1888
f 1919/1919 1920/1920 1888/1888
f 1888/1888 1920/1920 1889/1889
f 1920/1920 1921/1921 1889/1889
f 1889/1889 1921/1921 1890/1890
f 1921/1921 1922/1922 1890/1890
f 1890/1890 1922/1922 1891/1891
f 1922/1922 1923/1923 1891/1891
f 1891/1891 1923/1923 1892/1892
f 1923/1923 1924/1924 1892/1892
f 1892/1892 1924/1924 1893/1893
f 1924/1924 1925/1925 1893/1893
f 1893/1893 1925/1925 1894/1894
f 1925/1925 1926/1926 1894/1894
f 1894/1894 1926/1926 1896/1896
f 1926/1926 1927/1927 1896/1896
f 1896/1896 1927/1927 1928/1928
f 1927/1927 1929/1929 1928/1928
f 1928/1928 1929/1929 1899/1899
f 1929/1929 1930/1930 1899/1899
f 1899/1899 1930/1930 1931/1931
f 1930/1930 1932/1932 1931/1931
f 1931/1931 1932/1932 1933/1933
f 1932/1932 1934/1934 1933/1933
f 1933/1933 1934/1934 1905/1905
f 1934/1934 1935/1935 1905/1905
f 1905/1905 1935/1935 1907/1907
f 1935/1935 1936/1936 1907/1907
f 1907/1907 1936/1936 1937/1937
f 1936/1936 1938/1938 1937/1937
f 1937/1937 1938/1938 1911/1911
f 1938/1938 1939/1939 1911/1911
f 1911/1911 1939/1939 1913/1913
f 1939/1939 1940/1940 1913/1913
f 1913/1913 1940/1940 1941/1941
f 1940/1940 1942/1942 1941/1941
f 1941/1941 1942/1942 1943/1943
f 1942/1942 1944/1944 1943/1943
f 1917/1917 1945/1945 1919/1919
f 1945/1945 1946/1946 1919/1919
f 1919/1919 1946/1946 1947/1947
f 1946/1946 1948/1948 1947/1947
f 1947/1947 1948/1948 1921/1921
f 1948/1948 1949/1949 1921/1921
f 1921/1921 1949/1949 1922/1922
f 1949/1949 1950/1950 1922/1922
f 1922/1922 1950/1950 1923/1923
f 1950/1950 1951/1951 1923/1923
f 1923/1923 1951/1951 1924/1924
f 1951/1951 1952/1952 1924/1924
f 1924/1924 1952/1952 1925/1925
f 1952/1952 1953/1953 1925/1925
f 1925/1925 1953/1953 1926/1926
f 1953/1953 1954/1954 1926/1926
f 1926/1926 1954/1954 1927/1927
f 1954/1954 1955/1955 1927/1927
f 1927/1927 1955/1955 1929/1929
f 1955/1955 1956/1956 1929/1929
f 1929/1929 1956/1956 1957/1957
f 1956/1956 1958/1958 1957/1957
f 1957/1957 1958/1958 1932/1932
f 1958/1958 1959/1959 1932/1932
f 1932/1932 1959/1959 1960/1960
f 1959/1959 1961/1961 1960/1960
f 1960/1960 1961/1961 1962/1962
f 1961/1961 1963/1963 1962/1962
f 1962/1962 1963/1963 1964/1964
f 1963/1963 1965/1965 1964/1964
f 1964/1964 1965/1965 1966/1966
f 1965/1965 1967/1967 1966/1966
f 1966/1966 1967/1967 1968/1968
f 1967/1967 1969/1969 1968/1968
f 1968/1968 1969/1969 1970/1970
f 1969/1969 1971/1971 1970/1970
f 1970/1970 1971/1971 1972/1972
f 1971/1971 1973/1973 1972/1972
f 1972/1972 1973/1973 1974/1974
f 1973/1973 1975/1975 1974/1974
f 1974/1974 1975/1975 1976/1976
f 1975/1975 1977/1977 1976/1976
f 1976/1976 1977/1977 1978/1978
f 1977/1977 1979/1979 1978/1978
f 1978/1978 1979/1979 1980/1980
f 1946/1946 1981/1981 1948/1948
f 1981/1981 1982/1982 1948/1948
f 1948/1948 1982/1982 1983/1983
f 1982/1982 1984/1984 1983/1983
f 1983/1983 1984/1984 1950/1950
f 1984/1984 1985/1985 1950/1950
f 1950/1950 1985/1985 1951/1951
f 1985/1985 1986/1986 1951/1951
f 1951/1951 1986/1986 1952/1952
f 1986/1986 1987/1987 1952/1952
f 1952/1952 1987/1987 1953/1953
f 1987/1987 1988/1988 1953/1953
f 1953/1953 1988/1988 1954/1954
f 1988/1988 1989/1989 1954/1954
f 1954/1954 1989/1989 1955/1955
f 1989/1989 1990/1990 1955/1955
f 1955/1955 1990/1990 1956/1956
f 1990/1990 1991/1991 1956/1956
f 1956/1956 1991/1991 1958/1958
f 1991/1991 1992/1992 1958/1958
f 1958/1958 1992/1992 1993/1993
f 1992/1992 1994/1994 1993/1993
f 1993/1993 1994/1994 1961/1961
f 1994/1994 1995/1995 1961/1961
f 1961/1961 1995/1995 1963/1963
f 1995/1995 1996/1996 1963/1963
f 1963/1963 1996/1996 1997/1997
f 1996/1996 1998/1998 1997/1997
f 1997/1997 1998/1998 1967/1967
f 1998/1998 1999/1999 1967/1967
f 1967/1967 1999/1999 1969/1969
f 1999/1999 2000/2000 1969/1969
f 1969/1969 2000/2000 2001/2001
f 2000/2000 2002/2002 2001/2001
f 2001/2001 2002/2002 1973/1973
f 2002/2002 2003/2003 1973/1973
f 1973/1973 2003/2003 2004/2004
f 2003/2003 2005/2005 2004/2004
f 2004/2004 2005/2005 2006/2006
f 2005/2005 2007/2007 2006/2006
f 2006/2006 2007/2007 2008/2008
f 2007/2007 2009/2009 2008/2008
f 1982/1982 2010/2010 1984/1984
f 2010/2010 2011/2011 1984/1984
f 1984/1984 2011/2011 2012/2012
f 2011/2011 2013/2013 2012/2012
f 2012/2012 2013/2013 1986/1986
f 2013/2013 2014/2014 1986/1986
f 1986/1986 2014/2014 1987/1987
f 2014/2014 2015/2015 1987/1987
f 1987/1987 2015/2015 1988/1988
f 2015/2015 2016/2016 1988/1988
f 1988/1988 2016/2016 1989/1989
f 2016/2016 2017/2017 1989/1989
f 1989/1989 2017/2017 1990/1990
f 2017/2017 2018/2018 1990/1990
f 1990/1990 2018/2018 1991/1991
f 2018/2018 2019/2019 1991/1991
f 1991/1991 2019/2019 1992/1992
f 2019/2019 2020/2020 1992/1992
f 1992/1992 2020/2020 1994/1994
f 2020/2020 2021/2021 1994/1994
f 1994/1994 2021/2021 2022/2022
f 2021/2021 2023/2023 2022/2022
f 2022/2022 2023/2023 1996/1996
f 2023/2023 2024/2024 1996/1996
f 1996/1996 2024/2024 1998/1998
f 2024/2024 2025/2025 1998/1998
f 1998/1998 2025/2025 2026/2026
f 2025/2025 2027/2027 2026/2026
f 2026/2026 2027/2027 2000/2000
f 2027/2027 2028/2028 2000/2000
f 2000/2000 2028/2028 2002/2002
f 2028/2028 2029/2029 2002/2002
f 2002/2002 2029/2029 2030/2030
f 2029/2029 2031/2031 2030/2030
f 2030/2030 2031/2031 2005/2005
f 2031/2031 2032/2032 2005/2005
f 2005/2005 2032/2032 2033/2033
f 2032/2032 2034/2034 2033/2033
f 2033/2033 2034/2034 2035/2035
f 2034/2034 2036/2036 2035/2035
f 2035/2035 2036/2036 2037/2037
f 2036/2036 2038/2038 2037/2037
f 2037/2037 2038/2038 2039/2039
f 2038/2038 2040/2040 2039/2039
f 2039/2039 2040/2040 2041/2041
f 2011/2011 2042/2042 2013/2013
f 2042/2042 2043/2043 2013/2013
f 2013/2013 2043/2043 2044/2044
f 2043/2043 2045/2045 2044/2044
f 2044/2044 2045/2045 2015/2015
f 2045/2045 2046/2046 2015/2015
f 2015/2015 2046/2046 2016/2016
f 2046/2046 2047/2047 2016/2016
f 2016/2016 2047/2047 2017/2017
f 2047/2047 2048/2048 2017/2017
f 2017/2017 2048/2048 2018/2018
f 2048/2048 2049/2049 2018/2018
f 2018/2018 2049/2049 2019/2019
f 2049/2049 2050/2050 2019/2019
f 2019/2019 2050/2050 2020/2020
f 2050/2050 2051/2051 2020/2020
f 2020/2020 2051/2051 2021/2021
f 2051/2051 2052/2052 2021/2021
f 2021/2021 2052/2052 2023/2023
f 2052/2052 2053/2053 2023/2023
f 2023/2023 2053/2053 2054/2054
f 2053/2053 2055/2055 2054/2054
f 2054/2054 2055/2055 2025/2025
f 2055/2055 2056/2056 2025/2025
f 2025/2025 2056/2056 2057/2057
f 2056/2056 2058/2058 2057/2057
f 2057/2057 2058/2058 2059/2059
f 2058/2058 2060/2060 2059/2059
f 2059/2059 2060/2060 2029/2029
f 2060/2060 2061/2061 2029/2029
f 2029/2029 2061/2061 2031/2031
f 2061/2061 2062/2062 2031/2031
f 2031/2031 2062/2062 2063/2063
f 2062/2062 2064/2064 2063/2063
f 2063/2063 2064/2064 2034/2034
f 2064/2064 2065/2065 2034/2034
f 2034/2034 2065/2065 2066/2066
f 2065/2065 2067/2067 2066/2066
f 2066/2066 2067/2067 2068/2068
f 2067/2067 2069/2069 2068/2068
f 2068/2068 2069/2069 2070/2070
f 2069/2069 2071/2071 2070/2070
f 2043/2043 2072/2072 2045/2045
f 2072/2072 2073/2073 2045/2045
f 2045/2045 2073/2073 2074/2074
f 2073/2073 2075/2075 2074/2074
f 2074/2074 2075/2075 2047/2047
f 2075/2075 2076/2076 2047/2047
f 2047/2047 2076/2076 2048/2048
f 2076/2076 2077/2077 2048/2048
f 2048/2048 2077/2077 2049/2049
f 2077/2077 2078/2078 2049/2049
f 2049/2049 2078/2078 2050/2050
f 2078/2078 2079/2079 2050/2050
f 2050/2050 2079/2079 2051/2051
f 2079/2079 2080/2080 2051/2051
f 2051/2051 2080/2080 2052/2052
f 2080/2080 2081/2081 2052/2052
f 2052/2052 2081/2081 2053/2053
f 2081/2081 2082/2082 2053/2053
f 2053/2053 2082/2082 2055/2055
f 2082/2082 2083/2083 2055/2055
f 2055/2055 2083/2083 2084/2084
f 2083/2083 2085/2085 2084/2084
f 2084/2084 2085/2085 2058/2058
f 2085/2085 2086/2086 2058/2058
f 2058/2058 2086/2086 2087/2087
f 2086/2086 2088/2088 2087/2087
f 2087/2087 2088/2088 2089/2089
f 2088/2088 2090/2090 2089/2089
f 2089/2089 2090/2090 2091/2091
f 2090/2090 2092/2092 2091/2091
f 2091/2091 2092/2092 2093/2093
f 2092/2092 2094/2094 2093/2093
f 2093/2093 2094/2094 2095/2095
f 2094/2094 2096/2096 2095/2095
f 2095/2095 2096/2096 2097/2097
f 2096/2096 2098/2098 2097/2097
f 2097/2097 2098/2098 2099/2099
f 2098/2098 2100/2100 2099/2099
f 2099/2099 2100/2100 2101/2101
f 2100/2100 2102/2102 2101/2101
f 2101/2101 2102/2102 2103/2103
f 2102/2102 2104/2104 2103/2103
f 2073/2073 2105/2105 2075/2075
f 2105/2105 2106/2106 2075/2075
f 2075/2075 2106/2106 2107/2107
f 2106/2106 2108/2108 2107/2107
f 2107/2107 2108/2108 2077/2077
f 2108/2108 2109/2109 2077/2077
f 2077/2077 2109/2109 2078/2078
f 2109/2109 2110/2110 2078/2078
f 2078/2078 2110/2110 2079/2079
f 2110/2110 2111/2111 2079/2079
f 2079/2079 2111/2111 2080/2080
f 2111/2111 2112/2112 2080/2080
f 2080/2080 2112/2112 2081/2081
f 2112/2112 2113/2113 2081/2081
f 2081/2081 2113/2113 2082/2082
f 2113/2113 2114/2114 2082/2082
f 2082/2082 2114/2114 2083/2083
f 2114/2114 2115/2115 2083/2083
f 2083/2083 2115/2115 2085/2085
f 2115/2115 2116/2116 2085/2085
f 2085/2085 2116/2116 2117/2117
f 2116/2116 2118/2118 2117/2117
f 2117/2117 2118/2118 2088/2088
f 2118/2118 2119/2119 2088/2088
f 2088/2088 2119/2119 2120/2120
f 2119/2119 2121/2121 2120/2120
f 2120/2120 2121/2121 2122/2122
f 2121/2121 2123/2123 2122/2122
f 2122/2122 2123/2123 2124/2124
f 2123/2123 2125/2125 2124/2124
f 2124/2124 2125/2125 2126/2126
f 2125/2125 2127/2127 2126/2126
f 2126/2126 2127/2127 2128/2128
f 2127/2127 2129/2129 2128/2128
f 2128/2128 2129/2129 2130/2130
f 2129/2129 2131/2131 2130/2130
f 2130/2130 2131/2131 2132/2132
f 2131/2131 2133/2133 2132/2132
f 2132/2132 2133/2133 2134/2134
f 2133/2133 2135/2135 2134/2134
f 2134/2134 2135/2135 2136/2136
f 2135/2135 2137/2137 2136/2136
f 2106/2106 2138/2138 2108/2108
f 2138/2138 2139/2139 2108/2108
f 2108/2108 2139/2139 2140/2140
f 2139/2139 2141/2141 2140/2140
f 2140/2140 2141/2141 2110/2110
f 2141/2141 2142/2142 2110/2110
f 2110/2110 2142/2142 2111/2111
f 2142/2142 2143/2143 2111/2111
f 2111/2111 2143/2143 2112/2112
f 2143/2143 2144/2144 2112/2112
f 2112/2112 2144/2144 2113/2113
f 2144/2144 2145/2145 2113/2113
f 2113/2113 2145/2145 2114/2114
f 2145/2145 2146/2146 2114/2114
f 2114/2114 2146/2146 2115/2115
f 2146/2146 2147/2147 2115/2115
f 2115/2115 2147/2147 2116/2116
f 2147/2147 2148/2148 2116/2116
f 2116/2116 2148/2148 2118/2118
f 2148/2148 2149/2149 2118/2118
f 2118/2118 2149/2149 2150/2150
f 2149/2149 2151/2151 2150/2150
f 2150/2150 2151/2151 2121/2121
f 2151/2151 2152/2152 2121/2121
f 2121/2121 2152/2152 2123/2123
f 2152/2152 2153/2153 2123/2123
f 2123/2123 2153/2153 2154/2154
f 2153/2153 2155/2155 2154/2154
f 2154/2154 2155/2155 2127/2127
f 2155/2155 2156/2156 2127/2127
f 2127/2127 2156/2156 2129/2129
f 2156/2156 2157/2157 2129/2129
f 2129/2129 2157/2157 2158/2158
f 2157/2157 2159/2159 2158/2158
f 2158/2158 2159/2159 2133/2133
f 2159/2159 2160/2160 2133/2133
f 2133/2133 2160/2160 2135/2135
f 2160/2160 2161/2161 2135/2135
f 2135/2135 2161/2161 2162/2162
f 2161/2161 2163/2163 2162/2162
f 2162/2162 2163/2163 2164/2164
f 2163/2163 2165/2165 2164/2164
f 2139/2139 2166/2166 2141/2141
f 2166/2166 2167/2167 2141/2141
f 2141/2141 2167/2167 2168/2168
f 2167/2167 2169/2169 2168/2168
f 2168/2168 2169/2169 2143/2143
f 2169/2169 2170/2170 2143/2143
f 2143/2143 2170/2170 2144/2144
f 2170/2170 2171/2171 2144/2144
f 2144/2144 2171/2171 2145/2145
f 2171/2171 2172/2172 2145/2145
f 2145/2145 2172/2172 2146/2146
f 2172/2172 2173/2173 2146/2146
f 2146/2146 2173/2173 2147/2147
f 2173/2173 2174/2174 2147/2147
f 2147/2147 2174/2174 2148/2148
f 2174/2174 2175/2175 2148/2148
f 2148/2148 2175/2175 2149/2149
f 2175/2175 2176/2176 2149/2149
f 2149/2149 2176/2176 2151/2151
f 2176/2176 2177/2177 2151/2151
f 2151/2151 2177/2177 2178/2178
f 2177/2177 2179/2179 2178/2178
f 2178/2178 2179/2179 2153/2153
f 2179/2179 2180/2180 2153/2153
f 2153/2153 2180/2180 2181/2181
f 2180/2180 2182/2182 2181/2181
f 2181/2181 2182/2182 2183/2183
f 2182/2182 2184/2184 2183/2183
f 2183/2183 2184/2184 2157/2157
f 2184/2184 2185/2185 2157/2157
f 2157/2157 2185/2185 2159/2159
f 2185/2185 2186/2186 2159/2159
f 2159/2159 2186/2186 2187/2187
f 2186/2186 2188/2188 2187/2187
f 2187/2187 2188/2188 2161/2161
f 2188/2188 2189/2189 2161/2161
f 2161/2161 2189/2189 2190/2190
f 2189/2189 2191/2191 2190/2190
f 2190/2190 2191/2191 2192/2192
f 2191/2191 2193/2193 2192/2192
f 2192/2192 2193/2193 2194/2194
f 2193/2193 2195/2195 2194/2194
f 2194/2194 2195/2195 2196/2196
f 2195/2195 2197/2197 2196/2196
f 2196/2196 2197/2197 2198/2198
f 2167/2167 2199/2199 2169/2169
f 2199/2199 2200/2200 2169/2169
f 2169/2169 2200/2200 2201/2201
f 2200/2200 2202/2202 2201/2201
f 2201/2201 2202/2202 2171/2171
f 2202/2202 2203/2203 2171/2171
f 2171/2171 2203/2203 2172/2172
f 2203/2203 2204/2204 2172/2172
f 2172/2172 2204/2204 2173/2173
f 2204/2204 2205/2205 2173/2173
f 2173/2173 2205/2205 2174/2174
f 2205/2205 2206/2206 2174/2174
f 2174/2174 2206/2206 2175/2175
f 2206/2206 2207/2207 2175/2175
f 2175/2175 2207/2207 2176/2176
f 2207/2207 2208/2208 2176/2176
f 2176/2176 2208/2208 2177/2177
f 2208/2208 2209/2209 2177/2177
f 2177/2177 2209/2209 2179/2179
f 2209/2209 2210/2210 2179/2179
f 2179/2179 2210/2210 2211/2211
f 2210/2210 2212/2212 2211/2211
f 2211/2211 2212/2212 2182/2182
f 2212/2212 2213/2213 2182/2182
f 2182/2182 2213/2213 2214/2214
f 2213/2213 2215/2215 2214/2214
f 2214/2214 2215/2215 2216/2216
f 2215/2215 2217/2217 2216/2216
f 2216/2216 2217/2217 2218/2218
f 2217/2217 2219/2219 2218/2218
f 2218/2218 2219/2219 2220/2220
f 2219/2219 2221/2221 2220/2220
f 2220/2220 2221/2221 2222/2222
f 2221/2221 2223/2223 2222/2222
f 2222/2222 2223/2223 2224/2224
f 2223/2223 2225/2225 2224/2224
f 2224/2224 2225/2225 2226/2226
f 2225/2225 2227/2227 2226/2226
f 2226/2226 2227/2227 2228/2228
f 2227/2227 2229/2229 2228/2228
f 2228/2228 2229/2229 2230/2230
f 2229/2229 2231/2231 2230/2230
f 2230/2230 2231/2231 2232/2232
f 2231/2231 2233/2233 2232/2232
f 2232/2232 2233/2233 2234/2234
f 2200/2200 2235/2235 2202/2202
f 2235/2235 1542/1542 2202/2202
f 2202/2202 1542/1542 2236/2236
f 1542/1542 1540/1540 2236/2236
f 2236/2236 1540/1540 2204/2204
f 1540/1540 2237/2237 2204/2204
f 2204/2204 2237/2237 2205/2205
f 2237/2237 1536/1536 2205/2205
f 2205/2205 1536/1536 2206/2206
f 1536/1536 1534/1534 2206/2206
f 2206/2206 1534/1534 2207/2207
f 1534/1534 1532/1532 2207/2207
f 2207/2207 1532/1532 2208/2208
f 1532/1532 1530/1530 2208/2208
f 2208/2208 1530/1530 2209/2209
f 1530/1530 1528/1528 2209/2209
f 2209/2209 1528/1528 2210/2210
f 1528/1528 1526/1526 2210/2210
f 2210/2210 1526/1526 2212/2212
f 1526/1526 1524/1524 2212/2212
f 2212/2212 1524/1524 2238/2238
f 1524/1524 1522/1522 2238/2238
f 2238/2238 1522/1522 2215/2215
f 1522/1522 2239/2239 2215/2215
f 2215/2215 2239/2239 2240/2240
f 2239/2239 1518/1518 2240/2240
f 2240/2240 1518/1518 2241/2241
f 1518/1518 1516/1516 2241/2241
f 2241/2241 1516/1516 2242/2242
f 1516/1516 2243/2243 2242/2242
f 2242/2242 2243/2243 2244/2244
f 2243/2243 1512/1512 2244/2244
f 2244/2244 1512/1512 2245/2245
f 1512/1512 1510/1510 2245/2245
f 2245/2245 1510/1510 2246/2246
f 1510/1510 2247/2247 2246/2246
f 2246/2246 2247/2247 2248/2248
f 2247/2247 1506/1506 2248/2248
f 2248/2248 1506/1506 2249/2249
f 1506/1506 1504/1504 2249/2249
f 2249/2249 1504/1504 2250/2250
f 1504/1504 2251/2251 2250/2250
f 2248/2248 2252/2252 2246/2246
f 2252/2252 2253/2253 2246/2246
f 2246/2246 2253/2253 2254/2254
f 2253/2253 2227/2227 2254/2254
f 2254/2254 2227/2227 2244/2244
f 2227/2227 2255/2255 2244/2244
f 2244/2244 2255/2255 2242/2242
f 2255/2255 2223/2223 2242/2242
f 2242/2242 2223/2223 2256/2256
f 2223/2223 2221/2221 2256/2256
f 2256/2256 2221/2221 2240/2240
f 2221/2221 2257/2257 2240/2240
f 2240/2240 2257/2257 2215/2215
f 2257/2257 2217/2217 2215/2215
f 2253/2253 2252/2252 2258/2258
f 2252/2252 2248/2248 2258/2258
f 2258/2258 2248/2248 2259/2259
f 2248/2248 2250/2250 2259/2259
f 2258/2258 2260/2260 2253/2253
f 2260/2260 2261/2261 2253/2253
f 2253/2253 2261/2261 2262/2262
f 2261/2261 2229/2229 2262/2262
f 2262/2262 2229/2229 2227/2227
f 2261/2261 2263/2263 2229/2229
f 2263/2263 2233/2233 2229/2229
f 2229/2229 2233/2233 2231/2231
f 1514/1514 1512/1512 1516/1516
f 1512/1512 2243/2243 1516/1516
f 1538/1538 1536/1536 1540/1540
f 1536/1536 2237/2237 1540/1540
f 1555/1555 1515/1515 1519/1519
f 1515/1515 1517/1517 1519/1519
f 1647/1647 1646/1646 1649/1649
f 1646/1646 1678/1678 1649/1649
f 1928/1928 1899/1899 1896/1896
f 1899/1899 1897/1897 1896/1896
f 1813/1813 1815/1815 1811/1811
f 1815/1815 2264/2264 1811/1811
f 1811/1811 2264/2264 2265/2265
f 2264/2264 1817/1817 2265/2265
f 2265/2265 1817/1817 2266/2266
f 1817/1817 2267/2267 2266/2266
f 2266/2266 2267/2267 1785/1785
f 2267/2267 1787/1787 1785/1785
f 2266/2266 1785/1785 2265/2265
f 1785/1785 2268/2268 2265/2265
f 2265/2265 2268/2268 1811/1811
f 2268/2268 1783/1783 1811/1811
f 2228/2228 2230/2230 2226/2226
f 2230/2230 2269/2269 2226/2226
f 2226/2226 2269/2269 2270/2270
f 2269/2269 2232/2232 2270/2270
f 2270/2270 2232/2232 2271/2271
f 2232/2232 2272/2272 2271/2271
f 2271/2271 2272/2272 2273/2273
f 2272/2272 2274/2274 2273/2273
f 2273/2273 2274/2274 2275/2275
f 2273/2273 2275/2275 2276/2276
f 2275/2275 2277/2277 2276/2276
f 2276/2276 2277/2277 2224/2224
f 2277/2277 2278/2278 2224/2224
f 2224/2224 2278/2278 2220/2220
f 2278/2278 2191/2191 2220/2220
f 2220/2220 2191/2191 2279/2279
f 2191/2191 2188/2188 2279/2279
f 2279/2279 2188/2188 2218/2218
f 2188/2188 2280/2280 2218/2218
f 2218/2218 2280/2280 2281/2281
f 2280/2280 2186/2186 2281/2281
f 2281/2281 2186/2186 2282/2282
f 2186/2186 2184/2184 2282/2282
f 2282/2282 2184/2184 2182/2182
f 2282/2282 2182/2182 2281/2281
f 2182/2182 2283/2283 2281/2281
f 2281/2281 2283/2283 2218/2218
f 2283/2283 2214/2214 2218/2218
f 2218/2218 2214/2214 2216/2216
f 2089/2089 2091/2091 2087/2087
f 2091/2091 2284/2284 2087/2087
f 2087/2087 2284/2284 2058/2058
f 2284/2284 2285/2285 2058/2058
f 2058/2058 2285/2285 2286/2286
f 2285/2285 2062/2062 2286/2286
f 2286/2286 2062/2062 2060/2060
f 2062/2062 2061/2061 2060/2060
f 2062/2062 2285/2285 2287/2287
f 2285/2285 2091/2091 2287/2287
f 2287/2287 2091/2091 2064/2064
f 2091/2091 2288/2288 2064/2064
f 2064/2064 2288/2288 2067/2067
f 2288/2288 2093/2093 2067/2067
f 2067/2067 2093/2093 2289/2289
f 2093/2093 2097/2097 2289/2289
f 2289/2289 2097/2097 2069/2069
f 2097/2097 2290/2290 2069/2069
f 2069/2069 2290/2290 2291/2291
f 2290/2290 2099/2099 2291/2291
f 2291/2291 2099/2099 2292/2292
f 2099/2099 2103/2103 2292/2292
f 1617/1617 1619/1619 1615/1615
f 1619/1619 2293/2293 1615/1615
f 1615/1615 2293/2293 1591/1591
f 2293/2293 1593/1593 1591/1591
f 2293/2293 1619/1619 1593/1593
f 1619/1619 2294/2294 1593/1593
f 1593/1593 2294/2294 1595/1595
f 2294/2294 1621/1621 1595/1595
f 1595/1595 1621/1621 2295/2295
f 1621/1621 1625/1625 2295/2295
f 2295/2295 1625/1625 2296/2296
f 1625/1625 2297/2297 2296/2296
f 2296/2296 2297/2297 2298/2298
f 2297/2297 2299/2299 2298/2298
f 2298/2298 2299/2299 2300/2300
f 2299/2299 2301/2301 2300/2300
f 2300/2300 2301/2301 2302/2302
f 2301/2301 2303/2303 2302/2302
f 2302/2302 2303/2303 2304/2304
f 2300/2300 2302/2302 2298/2298
f 2302/2302 2305/2305 2298/2298
f 2298/2298 2305/2305 2296/2296
f 2305/2305 2306/2306 2296/2296
f 2296/2296 2306/2306 2307/2307
f 2306/2306 1597/1597 2307/2307
f 2307/2307 1597/1597 1595/1595
f 2305/2305 2302/2302 2306/2306
f 2302/2302 2308/2308 2306/2306
f 2306/2306 2308/2308 1597/1597
f 2308/2308 2304/2304 1597/1597
f 1597/1597 2304/2304 1599/1599
f 2006/2006 2008/2008 2004/2004
f 2008/2008 2309/2309 2004/2004
f 2004/2004 2309/2309 2310/2310
f 2004/2004 2310/2310 2311/2311
f 2310/2310 1975/1975 2311/2311
f 2311/2311 1975/1975 1973/1973
f 2310/2310 2312/2312 1975/1975
f 2312/2312 1979/1979 1975/1975
f 1975/1975 1979/1979 1977/1977
f 2098/2098 2096/2096 2100/2100
f 2096/2096 2313/2313 2100/2100
f 2100/2100 2313/2313 2126/2126
f 2313/2313 2124/2124 2126/2126
f 2313/2313 2096/2096 2124/2124
f 2096/2096 2314/2314 2124/2124
f 2124/2124 2314/2314 2120/2120
f 2314/2314 2094/2094 2120/2120
f 2120/2120 2094/2094 2315/2315
f 2094/2094 2090/2090 2315/2315
f 2315/2315 2090/2090 2088/2088
f 2165/2165 2163/2163 2316/2316
f 2163/2163 2317/2317 2316/2316
f 2316/2316 2317/2317 2196/2196
f 2317/2317 2318/2318 2196/2196
f 2196/2196 2318/2318 2319/2319
f 2318/2318 2190/2190 2319/2319
f 2319/2319 2190/2190 2194/2194
f 2190/2190 2192/2192 2194/2194
f 2317/2317 2163/2163 2318/2318
f 2163/2163 2320/2320 2318/2318
f 2318/2318 2320/2320 2190/2190
f 2320/2320 2161/2161 2190/2190
f 1776/1776 1751/1751 1749/1749
f 1751/1751 1750/1750 1749/1749
f 1862/1862 1836/1836 1833/1833
f 1836/1836 1834/1834 1833/1833
f 1800/1800 1775/1775 1773/1773
f 1775/1775 1774/1774 1773/1773
f 1882/1882 1880/1880 2321/2321
f 1880/1880 2322/2322 2321/2321
f 2321/2321 2322/2322 1910/1910
f 2322/2322 1908/1908 1910/1910
f 2322/2322 1880/1880 1908/1908
f 1880/1880 2323/2323 1908/1908
f 1908/1908 2323/2323 1904/1904
f 2323/2323 1878/1878 1904/1904
f 1904/1904 1878/1878 2324/2324
f 1878/1878 1874/1874 2324/2324
f 2324/2324 1874/1874 1902/1902
f 1874/1874 2325/2325 1902/1902
f 1902/1902 2325/2325 1898/1898
f 2325/2325 1872/1872 1898/1898
f 1898/1898 1872/1872 2326/2326
f 1872/1872 1868/1868 2326/2326
f 2326/2326 1868/1868 1866/1866
f 1941/1941 1943/1943 1913/1913
f 1943/1943 1915/1915 1913/1913
f 1746/1746 1745/1745 1747/1747
f 1745/1745 1772/1772 1747/1747
f 2271/2271 2273/2273 2270/2270
f 2273/2273 2327/2327 2270/2270
f 2270/2270 2327/2327 2226/2226
f 2327/2327 2224/2224 2226/2226
f 2327/2327 2273/2273 2224/2224
f 2273/2273 2276/2276 2224/2224
f 2183/2183 2157/2157 2181/2181
f 2157/2157 2328/2328 2181/2181
f 2181/2181 2328/2328 2153/2153
f 2328/2328 2155/2155 2153/2153
f 2328/2328 2157/2157 2155/2155
f 2157/2157 2156/2156 2155/2155
f 2107/2107 2077/2077 2075/2075
f 2077/2077 2076/2076 2075/2075
f 1734/1734 1704/1704 1702/1702
f 1704/1704 1703/1703 1702/1702
f 1903/1903 1901/1901 1905/1905
f 1901/1901 2329/2329 1905/1905
f 1905/1905 2329/2329 1931/1931
f 2329/2329 1899/1899 1931/1931
f 2012/2012 1986/1986 1984/1984
f 1986/1986 1985/1985 1984/1984
f 1912/1912 1914/1914 1910/1910
f 1914/1914 2330/2330 1910/1910
f 1910/1910 2330/2330 2321/2321
f 2170/2170 2169/2169 2171/2171
f 2169/2169 2201/2201 2171/2171
f 2255/2255 2227/2227 2223/2223
f 2227/2227 2225/2225 2223/2223
f 2084/2084 2058/2058 2055/2055
f 2058/2058 2056/2056 2055/2055
f 1762/1762 1737/1737 1735/1735
f 1737/1737 1736/1736 1735/1735
f 2162/2162 2164/2164 2135/2135
f 2164/2164 2137/2137 2135/2135
f 2295/2295 2296/2296 1595/1595
f 2296/2296 2307/2307 1595/1595
f 1816/1816 1814/1814 1818/1818
f 1814/1814 2331/2331 1818/1818
f 2331/2331 1814/1814 2332/2332
f 1814/1814 2333/2333 2332/2332
f 2332/2332 2333/2333 1844/1844
f 2333/2333 1812/1812 1844/1844
f 2332/2332 1844/1844 2334/2334
f 1844/1844 1848/1848 2334/2334
f 2134/2134 2136/2136 2132/2132
f 2136/2136 2335/2335 2132/2132
f 2132/2132 2335/2335 2336/2336
f 2132/2132 2336/2336 2337/2337
f 2336/2336 2102/2102 2337/2337
f 2337/2337 2102/2102 2130/2130
f 2102/2102 2338/2338 2130/2130
f 2130/2130 2338/2338 2126/2126
f 2338/2338 2100/2100 2126/2126
f 1832/1832 1803/1803 1801/1801
f 1803/1803 1802/1802 1801/1801
f 1764/1764 1763/1763 1765/1765
f 1763/1763 1790/1790 1765/1765
f 2014/2014 2013/2013 2015/2015
f 2013/2013 2044/2044 2015/2015
f 1670/1670 1669/1669 1671/1671
f 1669/1669 1701/1701 1671/1671
f 1756/1756 1758/1758 1729/1729
f 1758/1758 1731/1731 1729/1729
f 1824/1824 1823/1823 1825/1825
f 1823/1823 1852/1852 1825/1825
f 1974/1974 1976/1976 1972/1972
f 1976/1976 2339/2339 1972/1972
f 1972/1972 2339/2339 2340/2340
f 2339/2339 1978/1978 2340/2340
f 2340/2340 1978/1978 2341/2341
f 1978/1978 2342/2342 2341/2341
f 2341/2341 2342/2342 2343/2343
f 2342/2342 2344/2344 2343/2343
f 2343/2343 2344/2344 2345/2345
f 2343/2343 2345/2345 2346/2346
f 2345/2345 1942/1942 2346/2346
f 2346/2346 1942/1942 1970/1970
f 1942/1942 2347/2347 1970/1970
f 1970/1970 2347/2347 1966/1966
f 2347/2347 1940/1940 1966/1966
f 1966/1966 1940/1940 2348/2348
f 1940/1940 1938/1938 2348/2348
f 2348/2348 1938/1938 1964/1964
f 1938/1938 2349/2349 1964/1964
f 1964/1964 2349/2349 1960/1960
f 2349/2349 1936/1936 1960/1960
f 1960/1960 1936/1936 2350/2350
f 1936/1936 1934/1934 2350/2350
f 2350/2350 1934/1934 1932/1932
f 2346/2346 1970/1970 2343/2343
f 1970/1970 2351/2351 2343/2343
f 2343/2343 2351/2351 2340/2340
f 2351/2351 1972/1972 2340/2340
f 1629/1629 1631/1631 1627/1627
f 1631/1631 2352/2352 1627/1627
f 1627/1627 2352/2352 2353/2353
f 1627/1627 2353/2353 2354/2354
f 2353/2353 2299/2299 2354/2354
f 2354/2354 2299/2299 1625/1625
f 2299/2299 2297/2297 1625/1625
f 2353/2353 2355/2355 2299/2299
f 2355/2355 2301/2301 2299/2299
f 1567/1567 1569/1569 1501/1501
f 1569/1569 1499/1499 1501/1501
f 2154/2154 2127/2127 2123/2123
f 2127/2127 2125/2125 2123/2123
f 2026/2026 2000/2000 1998/1998
f 2000/2000 1999/1999 1998/1998
f 1508/1508 1506/1506 1510/1510
f 1506/1506 2247/2247 1510/1510
f 2239/2239 1522/1522 1518/1518
f 1522/1522 1520/1520 1518/1518
f 1654/1654 1628/1628 1624/1624
f 1628/1628 1626/1626 1624/1624
f 2236/2236 2204/2204 2202/2202
f 2204/2204 2203/2203 2202/2202
f 1668/1668 1638/1638 1636/1636
f 1638/1638 1637/1637 1636/1636
f 1683/1683 1685/1685 1681/1681
f 1685/1685 2356/2356 1681/1681
f 1681/1681 2356/2356 1649/1649
f 2356/2356 2357/2357 1649/1649
f 1649/1649 2357/2357 2358/2358
f 2357/2357 1653/1653 2358/2358
f 2358/2358 1653/1653 1651/1651
f 1653/1653 1652/1652 1651/1651
f 2356/2356 1685/1685 2357/2357
f 1685/1685 2359/2359 2357/2357
f 2357/2357 2359/2359 1653/1653
f 2359/2359 1655/1655 1653/1653
f 2359/2359 1685/1685 1655/1655
f 1685/1685 2360/2360 1655/1655
f 1655/1655 2360/2360 1658/1658
f 2360/2360 1687/1687 1658/1658
f 1658/1658 1687/1687 2361/2361
f 1687/1687 1691/1691 2361/2361
f 2361/2361 1691/1691 2362/2362
f 1691/1691 2363/2363 2362/2362
f 2362/2362 2363/2363 2364/2364
f 2363/2363 1693/1693 2364/2364
f 2364/2364 1693/1693 2365/2365
f 1693/1693 1697/1697 2365/2365
f 2364/2364 2366/2366 2362/2362
f 2366/2366 2367/2367 2362/2362
f 2362/2362 2367/2367 2368/2368
f 2367/2367 1660/1660 2368/2368
f 2368/2368 1660/1660 1658/1658
f 2368/2368 1658/1658 2362/2362
f 1658/1658 2361/2361 2362/2362
f 2024/2024 2023/2023 2025/2025
f 2023/2023 2054/2054 2025/2025
f 2367/2367 2369/2369 1660/1660
f 2369/2369 1664/1664 1660/1660
f 1660/1660 1664/1664 1662/1662
f 1864/1864 1863/1863 1866/1866
f 1863/1863 1895/1895 1866/1866
f 1502/1502 1500/1500 1504/1504
f 1500/1500 2251/2251 1504/1504
f 1596/1596 1598/1598 1568/1568
f 1598/1598 1570/1570 1568/1568
f 1545/1545 1533/1533 1537/1537
f 1533/1533 1535/1535 1537/1537
f 2245/2245 2246/2246 2244/2244
f 2246/2246 2254/2254 2244/2244
f 1867/1867 1869/1869 1865/1865
f 1869/1869 2370/2370 1865/1865
f 1865/1865 2370/2370 1836/1836
f 2370/2370 2371/2371 1836/1836
f 1836/1836 2371/2371 2372/2372
f 2371/2371 1840/1840 2372/2372
f 2372/2372 1840/1840 1838/1838
f 1840/1840 1839/1839 1838/1838
f 2370/2370 1869/1869 2371/2371
f 1869/1869 2373/2373 2371/2371
f 2371/2371 2373/2373 1840/1840
f 2373/2373 1842/1842 1840/1840
f 2373/2373 1869/1869 1842/1842
f 1869/1869 2374/2374 1842/1842
f 1842/1842 2374/2374 1845/1845
f 2374/2374 1871/1871 1845/1845
f 1845/1845 1871/1871 2375/2375
f 1871/1871 1875/1875 2375/2375
f 2375/2375 1875/1875 2376/2376
f 1875/1875 2377/2377 2376/2376
f 2376/2376 2377/2377 2378/2378
f 2377/2377 2379/2379 2378/2378
f 2378/2378 2379/2379 2380/2380
f 2379/2379 2381/2381 2380/2380
f 2380/2380 2381/2381 2382/2382
f 2381/2381 2383/2383 2382/2382
f 2382/2382 2383/2383 2384/2384
f 2380/2380 2382/2382 2378/2378
f 2382/2382 2385/2385 2378/2378
f 2378/2378 2385/2385 2376/2376
f 2385/2385 2386/2386 2376/2376
f 2376/2376 2386/2386 2387/2387
f 2386/2386 1847/1847 2387/2387
f 2387/2387 1847/1847 1845/1845
f 2385/2385 2382/2382 2386/2386
f 2382/2382 2388/2388 2386/2386
f 2386/2386 2388/2388 1847/1847
f 2388/2388 2384/2384 1847/1847
f 1847/1847 2384/2384 1849/1849
f 1920/1920 1919/1919 1921/1921
f 1919/1919 1947/1947 1921/1921
f 2256/2256 2240/2240 2242/2242
f 2240/2240 2241/2241 2242/2242
f 1716/1716 1718/1718 1714/1714
f 1718/1718 2389/2389 1714/1714
f 1714/1714 2389/2389 1688/1688
f 2389/2389 1690/1690 1688/1688
f 2389/2389 1718/1718 1690/1690
f 1718/1718 2390/2390 1690/1690
f 1690/1690 2390/2390 1694/1694
f 2390/2390 1720/1720 1694/1694
f 1694/1694 1720/1720 2391/2391
f 1720/1720 1724/1724 2391/2391
f 2391/2391 1724/1724 1696/1696
f 1724/1724 2392/2392 1696/1696
f 1696/1696 2392/2392 2393/2393
f 2392/2392 1726/1726 2393/2393
f 2393/2393 1726/1726 2394/2394
f 1726/1726 1730/1730 2394/2394
f 1592/1592 1566/1566 1564/1564
f 1566/1566 1565/1565 1564/1564
f 1782/1782 1781/1781 1783/1783
f 1781/1781 1808/1808 1783/1783
f 1780/1780 1755/1755 1753/1753
f 1755/1755 1754/1754 1753/1753
f 1841/1841 1812/1812 1809/1809
f 1812/1812 1810/1810 1809/1809
f 2375/2375 2376/2376 1845/1845
f 2376/2376 2387/2387 1845/1845
f 1511/1511 1513/1513 1509/1509
f 1513/1513 1559/1559 1509/1509
f 2028/2028 2027/2027 2029/2029
f 2027/2027 2395/2395 2029/2029
f 2029/2029 2395/2395 2057/2057
f 2395/2395 2025/2025 2057/2057
f 1632/1632 1630/1630 2396/2396
f 1630/1630 2397/2397 2396/2396
f 2396/2396 2397/2397 1663/1663
f 2397/2397 2398/2398 1663/1663
f 1663/1663 2398/2398 2399/2399
f 2398/2398 1657/1657 2399/2399
f 2399/2399 1657/1657 1661/1661
f 1657/1657 1659/1659 1661/1661
f 2397/2397 1630/1630 2398/2398
f 1630/1630 2400/2400 2398/2398
f 2398/2398 2400/2400 1657/1657
f 2400/2400 1628/1628 1657/1657
f 2035/2035 2037/2037 2033/2033
f 2037/2037 2401/2401 2033/2033
f 2033/2033 2401/2401 2402/2402
f 2401/2401 2039/2039 2402/2402
f 2402/2402 2039/2039 2403/2403
f 2039/2039 2404/2404 2403/2403
f 2403/2403 2404/2404 2007/2007
f 2404/2404 2009/2009 2007/2007
f 2403/2403 2007/2007 2402/2402
f 2007/2007 2405/2405 2402/2402
f 2402/2402 2405/2405 2033/2033
f 2405/2405 2005/2005 2033/2033
f 1680/1680 1679/1679 1682/1682
f 1679/1679 1711/1711 1682/1682
f 2238/2238 2215/2215 2212/2212
f 2215/2215 2213/2213 2212/2212
f 1957/1957 1932/1932 1929/1929
f 1932/1932 1930/1930 1929/1929
f 2063/2063 2034/2034 2031/2031
f 2034/2034 2032/2032 2031/2031
f 1557/1557 1556/1556 1558/1558
f 1556/1556 1583/1583 1558/1558
f 2381/2381 2379/2379 2406/2406
f 2379/2379 2407/2407 2406/2406
f 2407/2407 2379/2379 2408/2408
f 2379/2379 1875/1875 2408/2408
f 2408/2408 1875/1875 1877/1877
f 2408/2408 1877/1877 2407/2407
f 1877/1877 2409/2409 2407/2407
f 2409/2409 1877/1877 1881/1881
f 1877/1877 1879/1879 1881/1881
f 1590/1590 1589/1589 1591/1591
f 1589/1589 2410/2410 1591/1591
f 1591/1591 2410/2410 1615/1615
f 2410/2410 1587/1587 1615/1615
f 1804/1804 1779/1779 1777/1777
f 1779/1779 1778/1778 1777/1777
f 1612/1612 1587/1587 1584/1584
f 1587/1587 1585/1585 1584/1584
f 1561/1561 1560/1560 1562/1562
f 1560/1560 2411/2411 1562/1562
f 1562/1562 2411/2411 1586/1586
f 2411/2411 1558/1558 1586/1586
f 2178/2178 2153/2153 2151/2151
f 2153/2153 2152/2152 2151/2151
f 1854/1854 1853/1853 1855/1855
f 1853/1853 1885/1885 1855/1855
f 1995/1995 1994/1994 1996/1996
f 1994/1994 2022/2022 1996/1996
f 1725/1725 1723/1723 1727/1727
f 1723/1723 1752/1752 1727/1727
f 2180/2180 2179/2179 2182/2182
f 2179/2179 2211/2211 2182/2182
f 1573/1573 1548/1548 1546/1546
f 1548/1548 1547/1547 1546/1546
f 1997/1997 1967/1967 1963/1963
f 1967/1967 1965/1965 1963/1963
f 2140/2140 2110/2110 2108/2108
f 2110/2110 2109/2109 2108/2108
f 2003/2003 2002/2002 2005/2005
f 2002/2002 2030/2030 2005/2005
f 1937/1937 1911/1911 1907/1907
f 1911/1911 1909/1909 1907/1907
f 1713/1713 1712/1712 1715/1715
f 1712/1712 1744/1744 1715/1715
f 1949/1949 1948/1948 1950/1950
f 1948/1948 1983/1983 1950/1950
f 2119/2119 2118/2118 2121/2121
f 2118/2118 2150/2150 2121/2121
f 1604/1604 1603/1603 1605/1605
f 1603/1603 1635/1635 1605/1605
f 2142/2142 2141/2141 2143/2143
f 2141/2141 2168/2168 2143/2143
f 1837/1837 1807/1807 1835/1835
f 1807/1807 2412/2412 1835/1835
f 1835/1835 2412/2412 1803/1803
f 2412/2412 1805/1805 1803/1803
f 2412/2412 1807/1807 1805/1805
f 1807/1807 1806/1806 1805/1805
f 2160/2160 2159/2159 2161/2161
f 2159/2159 2187/2187 2161/2161
f 1719/1719 1717/1717 1721/1721
f 1717/1717 1748/1748 1721/1721
f 2117/2117 2088/2088 2085/2085
f 2088/2088 2086/2086 2085/2085
f 1887/1887 1886/1886 1888/1888
f 1886/1886 1918/1918 1888/1888
f 2195/2195 2193/2193 2197/2197
f 2193/2193 2413/2413 2197/2197
f 2413/2413 2193/2193 2414/2414
f 2193/2193 2415/2415 2414/2414
f 2414/2414 2415/2415 2277/2277
f 2415/2415 2191/2191 2277/2277
f 2277/2277 2191/2191 2278/2278
f 2414/2414 2277/2277 2416/2416
f 2277/2277 2275/2275 2416/2416
f 1759/1759 1757/1757 1786/1786
f 1757/1757 1784/1784 1786/1786
f 2219/2219 2217/2217 2221/2221
f 2217/2217 2257/2257 2221/2221
f 1971/1971 1969/1969 1973/1973
f 1969/1969 2001/2001 1973/1973
f 1686/1686 1684/1684 1688/1688
f 1684/1684 2417/2417 1688/1688
f 1688/1688 2417/2417 1714/1714
f 2417/2417 1682/1682 1714/1714
f 1822/1822 1793/1793 1791/1791
f 1793/1793 1792/1792 1791/1791
f 2046/2046 2045/2045 2047/2047
f 2045/2045 2074/2074 2047/2047
f 1563/1563 1503/1503 1507/1507
f 1503/1503 1505/1505 1507/1507
f 1993/1993 1961/1961 1958/1958
f 1961/1961 1959/1959 1958/1958
f 1645/1645 1616/1616 1613/1613
f 1616/1616 1614/1614 1613/1613
f 2131/2131 2129/2129 2133/2133
f 2129/2129 2158/2158 2133/2133
f 1602/1602 1576/1576 1574/1574
f 1576/1576 1575/1575 1574/1574
f 2038/2038 2036/2036 2040/2040
f 2036/2036 2418/2418 2040/2040
f 2418/2418 2036/2036 2419/2419
f 2036/2036 2420/2420 2419/2419
f 2419/2419 2420/2420 2066/2066
f 2420/2420 2034/2034 2066/2066
f 2419/2419 2066/2066 2421/2421
f 2066/2066 2070/2070 2421/2421
f 1650/1650 1622/1622 1648/1648
f 1622/1622 2422/2422 1648/1648
f 1648/1648 2422/2422 1616/1616
f 2422/2422 1618/1618 1616/1616
f 2422/2422 1622/1622 1618/1618
f 1622/1622 1620/1620 1618/1618
f 31/31 4/4 2/2
f 30/30 32/32 35/35
f 6/6 18/18 8/8
f 7/7 1175/1175 5/5
f 676/676 649/649 647/647
f 654/654 656/656 777/777
f 675/675 677/677 729/729
f 651/651 663/663 653/653
f 652/652 683/683 650/650
f 310/310 319/319 312/312
f 315/315 2423/2423 313/313
f 867/867 840/840 838/838
f 845/845 847/847 1036/1036
f 842/842 854/854 844/844
f 843/843 1040/1040 841/841
f 213/213 2424/2424 211/211
f 56/56 2425/2425 57/57
f 256/256 229/229 227/227
f 234/234 236/236 393/393
f 255/255 257/257 437/437
f 231/231 243/243 233/233
f 232/232 386/386 230/230
f 598/598 571/571 569/569
f 597/597 599/599 765/765
f 573/573 585/585 575/575
f 574/574 726/726 572/572
f 942/942 915/915 913/913
f 920/920 922/922 1189/1189
f 941/941 943/943 1081/1081
f 917/917 929/929 919/919
f 918/918 1078/1078 916/916
f 1395/1395 1368/1368 1366/1366
f 1373/1373 1375/1375 1399/1399
f 1394/1394 1396/1396 1445/1445
f 1370/1370 1382/1382 1372/1372
f 1371/1371 1435/1435 1369/1369
f 62/62 71/71 64/64
f 67/67 2426/2426 65/65
f 86/86 87/87 95/95
f 170/170 143/143 141/141
f 148/148 150/150 304/304
f 169/169 171/171 300/300
f 145/145 157/157 147/147
f 146/146 351/351 144/144
f 429/429 402/402 400/400
f 407/407 409/409 484/484
f 428/428 430/430 448/448
f 404/404 416/416 406/406
f 405/405 445/445 403/403
f 534/534 507/507 505/505
f 512/512 514/514 644/644
f 509/509 521/521 511/511
f 510/510 602/602 508/508
f 761/761 734/734 732/732
f 739/739 741/741 820/820
f 760/760 762/762 824/824
f 736/736 748/748 738/738
f 737/737 832/832 735/735
f 910/910 883/883 881/881
f 888/888 890/890 989/989
f 909/909 911/911 982/982
f 885/885 897/897 887/887
f 1113/1113 1086/1086 1084/1084
f 1091/1091 1093/1093 1171/1171
f 1112/1112 1114/1114 1135/1135
f 1088/1088 1100/1100 1090/1090
f 1089/1089 1132/1132 1087/1087
f 1267/1267 1240/1240 1238/1238
f 1245/1245 1247/1247 1310/1310
f 1266/1266 1268/1268 1306/1306
f 1242/1242 1254/1254 1244/1244
f 1431/1431 1404/1404 1402/1402
f 1409/1409 1411/1411 1453/1453
f 1430/1430 1432/1432 1449/1449
f 1406/1406 1418/1418 1408/1408
f 1220/1220 1214/1214 1213/1213
f 1201/1201 1203/1203 1230/1230
f 1215/1215 2427/2427 1236/1236
f 1224/1224 1227/1227 1223/1223
f 122/122 116/116 115/115
f 118/118 112/112 135/135
f 126/126 129/129 125/125
f 202/202 175/175 173/173
f 180/180 182/182 260/260
f 177/177 189/189 179/179
f 178/178 225/225 176/176
f 296/296 269/269 267/267
f 274/274 276/276 343/343
f 295/295 297/297 347/347
f 271/271 283/283 273/273
f 382/382 355/355 353/353
f 381/381 383/383 397/397
f 357/357 369/369 359/359
f 480/480 453/453 451/451
f 458/458 460/460 495/495
f 479/479 481/481 491/491
f 455/455 467/467 457/457
f 456/456 499/499 454/454
f 566/566 539/539 537/537
f 544/544 546/546 828/828
f 541/541 553/553 543/543
f 640/640 613/613 611/611
f 615/615 627/627 617/617
f 616/616 680/680 614/614
f 718/718 691/691 689/689
f 696/696 698/698 773/773
f 717/717 719/719 769/769
f 693/693 705/705 695/695
f 816/816 789/789 787/787
f 794/794 796/796 871/871
f 815/815 817/817 875/875
f 791/791 803/803 793/793
f 969/969 963/963 962/962
f 965/965 959/959 1128/1128
f 973/973 976/976 972/972
f 1021/1021 994/994 992/992
f 999/999 1001/1001 1029/1029
f 1020/1020 1022/1022 1025/1025
f 996/996 1008/1008 998/998
f 997/997 1033/1033 995/995
f 1071/1071 1044/1044 1042/1042
f 1049/1049 1051/1051 1120/1120
f 1046/1046 1058/1058 1048/1048
f 1047/1047 1117/1117 1045/1045
f 1167/1167 1140/1140 1138/1138
f 1145/1145 1147/1147 1182/1182
f 1166/1166 1168/1168 1178/1178
f 1142/1142 1154/1154 1144/1144
f 1143/1143 1186/1186 1141/1141
f 1488/1488 2428/2428 1486/1486
f 1477/1477 2429/2429 1478/1478
f 1302/1302 1275/1275 1273/1273
f 1280/1280 1282/1282 1314/1314
f 1301/1301 1303/1303 1321/1321
f 1277/1277 1289/1289 1279/1279
f 1278/1278 1318/1318 1276/1276
f 1353/1353 1326/1326 1324/1324
f 1328/1328 1340/1340 1330/1330
f 1558/1558 2411/2411 1560/1560
f 2126/2126 2128/2128 2130/2130
f 2186/2186 2280/2280 2188/2188
f 2191/2191 2189/2189 2188/2188
f 1595/1595 1594/1594 1593/1593
f 1621/1621 1623/1623 1625/1625
f 1621/1621 2294/2294 1619/1619
f 1658/1658 1656/1656 1655/1655
f 1694/1694 1692/1692 1690/1690
f 1720/1720 1722/1722 1724/1724
f 1720/1720 2390/2390 1718/1718
f 2220/2220 2222/2222 2224/2224
f 2220/2220 2279/2279 2218/2218
f 2214/2214 2283/2283 2182/2182
f 2186/2186 2185/2185 2184/2184
f 1587/1587 2410/2410 1589/1589
f 1586/1586 1588/1588 1562/1562
f 1687/1687 1689/1689 1691/1691
f 1687/1687 2360/2360 1685/1685
f 1682/1682 2417/2417 1684/1684
f 1649/1649 2358/2358 1651/1651
f 2120/2120 2315/2315 2088/2088
f 2120/2120 2122/2122 2124/2124
f 2094/2094 2092/2092 2090/2090
f 2058/2058 2286/2286 2060/2060
f 1960/1960 2350/2350 1932/1932
f 1960/1960 1962/1962 1964/1964
f 1936/1936 1935/1935 1934/1934
f 1898/1898 2326/2326 1866/1866
f 1898/1898 1900/1900 1902/1902
f 1872/1872 1870/1870 1868/1868
f 1836/1836 2372/2372 1838/1838
f 2094/2094 2314/2314 2096/2096
f 2093/2093 2095/2095 2097/2097
f 2093/2093 2288/2288 2091/2091
f 1966/1966 2348/2348 1964/1964
f 1966/1966 1968/1968 1970/1970
f 1936/1936 2349/2349 1938/1938
f 1940/1940 1939/1939 1938/1938
f 1872/1872 2325/2325 1874/1874
f 1878/1878 1876/1876 1874/1874
f 1871/1871 2374/2374 1869/1869
f 1871/1871 1873/1873 1875/1875
f 1972/1972 2351/2351 1970/1970
f 2025/2025 2395/2395 2027/2027
f 2057/2057 2059/2059 2029/2029
f 2062/2062 2287/2287 2064/2064
f 2067/2067 2065/2065 2064/2064
f 2285/2285 2284/2284 2091/2091
f 1904/1904 2324/2324 1902/1902
f 1904/1904 1906/1906 1908/1908
f 1899/1899 2329/2329 1901/1901
f 1931/1931 1933/1933 1905/1905
f 1845/1845 1843/1843 1842/1842
f 2100/2100 2338/2338 2102/2102
f 2336/2336 2104/2104 2102/2102
f 2132/2132 2337/2337 2130/2130
f 2253/2253 2262/2262 2227/2227
f 2248/2248 2249/2249 2250/2250
f 1693/1693 2363/2363 1691/1691
f 1693/1693 1695/1695 1697/1697
f 1694/1694 2391/2391 1696/1696
f 2393/2393 1698/1698 1696/1696
f 2232/2232 2269/2269 2230/2230
f 2232/2232 2234/2234 2272/2272
f 2191/2191 2415/2415 2193/2193
f 2196/2196 2319/2319 2194/2194
f 2196/2196 2198/2198 2316/2316
f 2161/2161 2320/2320 2163/2163
f 1663/1663 2399/2399 1661/1661
f 1663/1663 1665/1665 2396/2396
f 1628/1628 2400/2400 1630/1630
f 1627/1627 2354/2354 1625/1625
f 2304/2304 2308/2308 2302/2302
f 2099/2099 2290/2290 2097/2097
f 2099/2099 2101/2101 2103/2103
f 2067/2067 2289/2289 2069/2069
f 2291/2291 2071/2071 2069/2069
f 1940/1940 2347/2347 1942/1942
f 2345/2345 1944/1944 1942/1942
f 1726/1726 2392/2392 1724/1724
f 1726/1726 1728/1728 1730/1730
f 2340/2340 2341/2341 2343/2343
f 1978/1978 2339/2339 1976/1976
f 1978/1978 1980/1980 2342/2342
f 2004/2004 2311/2311 1973/1973
f 2034/2034 2420/2420 2036/2036
f 2039/2039 2401/2401 2037/2037
f 2039/2039 2041/2041 2404/2404
f 2005/2005 2405/2405 2007/2007
f 2066/2066 2068/2068 2070/2070
f 1878/1878 2323/2323 1880/1880
f 1812/1812 2333/2333 1814/1814
f 1817/1817 2264/2264 1815/1815
f 1817/1817 1819/1819 2267/2267
f 1783/1783 2268/2268 1785/1785
f 1844/1844 1846/1846 1848/1848
f 2379/2379 2377/2377 1875/1875
f 2384/2384 2388/2388 2382/2382
f 2430/2430 2431/2431 2432/2432
f 2431/2431 2433/2433 2432/2432
f 2432/2432 2433/2433 2434/2434
f 2433/2433 2435/2435 2434/2434
f 2434/2434 2435/2435 2436/2436
f 2435/2435 2437/2437 2436/2436
f 2436/2436 2437/2437 2438/2438
f 2437/2437 2439/2439 2438/2438
f 2438/2438 2439/2439 2440/2440
f 2439/2439 2441/2441 2440/2440
f 2440/2440 2441/2441 2442/2442
f 2441/2441 2443/2443 2442/2442
f 2442/2442 2443/2443 2444/2444
f 2443/2443 2445/2445 2444/2444
f 2431/2431 2446/2446 2433/2433
f 2446/2446 2447/2447 2433/2433
f 2433/2433 2447/2447 2435/2435
f 2447/2447 2448/2448 2435/2435
f 2435/2435 2448/2448 2437/2437
f 2448/2448 2449/2449 2437/2437
f 2437/2437 2449/2449 2439/2439
f 2449/2449 2450/2450 2439/2439
f 2439/2439 2450/2450 2441/2441
f 2450/2450 2451/2451 2441/2441
f 2441/2441 2451/2451 2443/2443
f 2451/2451 2452/2452 2443/2443
f 2443/2443 2452/2452 2445/2445
f 2452/2452 2453/2453 2445/2445
f 2446/2446 2454/2454 2447/2447
f 2454/2454 2455/2455 2447/2447
f 2447/2447 2455/2455 2448/2448
f 2455/2455 2456/2456 2448/2448
f 2448/2448 2456/2456 2449/2449
f 2456/2456 2457/2457 2449/2449
f 2449/2449 2457/2457 2450/2450
f 2457/2457 2458/2458 2450/2450
f 2450/2450 2458/2458 2451/2451
f 2458/2458 2459/2459 2451/2451
f 2451/2451 2459/2459 2452/2452
f 2459/2459 2460/2460 2452/2452
f 2452/2452 2460/2460 2453/2453
f 2460/2460 2461/2461 2453/2453
f 2454/2454 2462/2462 2455/2455
f 2462/2462 2463/2463 2455/2455
f 2455/2455 2463/2463 2456/2456
f 2463/2463 2464/2464 2456/2456
f 2456/2456 2464/2464 2457/2457
f 2464/2464 2465/2465 2457/2457
f 2457/2457 2465/2465 2458/2458
f 2465/2465 2466/2466 2458/2458
f 2458/2458 2466/2466 2459/2459
f 2466/2466 2467/2467 2459/2459
f 2459/2459 2467/2467 2460/2460
f 2467/2467 2468/2468 2460/2460
f 2460/2460 2468/2468 2461/2461
f 2468/2468 2469/2469 2461/2461
f 2462/2462 2470/2470 2463/2463
f 2470/2470 2471/2471 2463/2463
f 2463/2463 2471/2471 2464/2464
f 2471/2471 2472/2472 2464/2464
f 2464/2464 2472/2472 2465/2465
f 2472/2472 2473/2473 2465/2465
f 2465/2465 2473/2473 2466/2466
f 2473/2473 2474/2474 2466/2466
f 2466/2466 2474/2474 2467/2467
f 2474/2474 2475/2475 2467/2467
f 2467/2467 2475/2475 2468/2468
f 2475/2475 2476/2476 2468/2468
f 2468/2468 2476/2476 2469/2469
f 2476/2476 2477/2477 2469/2469
f 2470/2470 2478/2478 2471/2471
f 2478/2478 2479/2479 2471/2471
f 2471/2471 2479/2479 2472/2472
f 2479/2479 2480/2480 2472/2472
f 2472/2472 2480/2480 2473/2473
f 2480/2480 2481/2481 2473/2473
f 2473/2473 2481/2481 2474/2474
f 2481/2481 2482/2482 2474/2474
f 2474/2474 2482/2482 2475/2475
f 2482/2482 2483/2483 2475/2475
f 2475/2475 2483/2483 2476/2476
f 2483/2483 2484/2484 2476/2476
f 2476/2476 2484/2484 2477/2477
f 2484/2484 2485/2485 2477/2477
f 2478/2478 2486/2486 2479/2479
f 2486/2486 2487/2487 2479/2479
f 2479/2479 2487/2487 2480/2480
f 2487/2487 2488/2488 2480/2480
f 2480/2480 2488/2488 2481/2481
f 2488/2488 2489/2489 2481/2481
f 2481/2481 2489/2489 2482/2482
f 2489/2489 2490/2490 2482/2482
f 2482/2482 2490/2490 2483/2483
f 2490/2490 2491/2491 2483/2483
f 2483/2483 2491/2491 2484/2484
f 2491/2491 2492/2492 2484/2484
f 2484/2484 2492/2492 2485/2485
f 2492/2492 2493/2493 2485/2485
f 2486/2486 2494/2494 2487/2487
f 2494/2494 2495/2495 2487/2487
f 2487/2487 2495/2495 2488/2488
f 2495/2495 2496/2496 2488/2488
f 2488/2488 2496/2496 2489/2489
f 2496/2496 2497/2497 2489/2489
f 2489/2489 2497/2497 2490/2490
f 2497/2497 2498/2498 2490/2490
f 2490/2490 2498/2498 2491/2491
f 2498/2498 2499/2499 2491/2491
f 2491/2491 2499/2499 2492/2492
f 2499/2499 2500/2500 2492/2492
f 2492/2492 2500/2500 2493/2493
f 2500/2500 2501/2501 2493/2493
f 2494/2494 2502/2502 2495/2495
f 2502/2502 2503/2503 2495/2495
f 2495/2495 2503/2503 2496/2496
f 2503/2503 2504/2504 2496/2496
f 2496/2496 2504/2504 2497/2497
f 2504/2504 2505/2505 2497/2497
f 2497/2497 2505/2505 2498/2498
f 2505/2505 2506/2506 2498/2498
f 2498/2498 2506/2506 2499/2499
f 2506/2506 2507/2507 2499/2499
f 2499/2499 2507/2507 2500/2500
f 2507/2507 2508/2508 2500/2500
f 2500/2500 2508/2508 2501/2501
f 2508/2508 2509/2509 2501/2501
f 2502/2502 2510/2510 2503/2503
f 2510/2510 2511/2511 2503/2503
f 2503/2503 2511/2511 2504/2504
f 2511/2511 2512/2512 2504/2504
f 2504/2504 2512/2512 2505/2505
f 2512/2512 2513/2513 2505/2505
f 2505/2505 2513/2513 2506/2506
f 2513/2513 2514/2514 2506/2506
f 2506/2506 2514/2514 2507/2507
f 2514/2514 2515/2515 2507/2507
f 2507/2507 2515/2515 2508/2508
f 2515/2515 2516/2516 2508/2508
f 2508/2508 2516/2516 2509/2509
f 2516/2516 2517/2517 2509/2509
f 2510/2510 2518/2518 2511/2511
f 2518/2518 2519/2519 2511/2511
f 2511/2511 2519/2519 2512/2512
f 2519/2519 2520/2520 2512/2512
f 2512/2512 2520/2520 2513/2513
f 2520/2520 2521/2521 2513/2513
f 2513/2513 2521/2521 2514/2514
f 2521/2521 2522/2522 2514/2514
f 2514/2514 2522/2522 2515/2515
f 2522/2522 2523/2523 2515/2515
f 2515/2515 2523/2523 2516/2516
f 2523/2523 2524/2524 2516/2516
f 2516/2516 2524/2524 2517/2517
f 2524/2524 2525/2525 2517/2517
f 2518/2518 2526/2526 2519/2519
f 2526/2526 2527/2527 2519/2519
f 2519/2519 2527/2527 2520/2520
f 2527/2527 2528/2528 2520/2520
f 2520/2520 2528/2528 2521/2521
f 2528/2528 2529/2529 2521/2521
f 2521/2521 2529/2529 2522/2522
f 2529/2529 2530/2530 2522/2522
f 2522/2522 2530/2530 2523/2523
f 2530/2530 2531/2531 2523/2523
f 2523/2523 2531/2531 2524/2524
f 2531/2531 2532/2532 2524/2524
f 2524/2524 2532/2532 2525/2525
f 2532/2532 2533/2533 2525/2525
f 2526/2526 2534/2534 2527/2527
f 2534/2534 2535/2535 2527/2527
f 2527/2527 2535/2535 2528/2528
f 2535/2535 2536/2536 2528/2528
f 2528/2528 2536/2536 2529/2529
f 2536/2536 2537/2537 2529/2529
f 2529/2529 2537/2537 2530/2530
f 2537/2537 2538/2538 2530/2530
f 2530/2530 2538/2538 2531/2531
f 2538/2538 2539/2539 2531/2531
f 2531/2531 2539/2539 2532/2532
f 2539/2539 2540/2540 2532/2532
f 2532/2532 2540/2540 2533/2533
f 2540/2540 2541/2541 2533/2533
f 2534/2534 2542/2542 2535/2535
f 2542/2542 2543/2543 2535/2535
f 2535/2535 2543/2543 2536/2536
f 2543/2543 2544/2544 2536/2536
f 2536/2536 2544/2544 2537/2537
f 2544/2544 2545/2545 2537/2537
f 2537/2537 2545/2545 2538/2538
f 2545/2545 2546/2546 2538/2538
f 2538/2538 2546/2546 2539/2539
f 2546/2546 2547/2547 2539/2539
f 2539/2539 2547/2547 2540/2540
f 2547/2547 2548/2548 2540/2540
f 2540/2540 2548/2548 2541/2541
f 2548/2548 2549/2549 2541/2541
f 2542/2542 2550/2550 2543/2543
f 2550/2550 2551/2551 2543/2543
f 2543/2543 2551/2551 2544/2544
f 2551/2551 2552/2552 2544/2544
f 2544/2544 2552/2552 2545/2545
f 2552/2552 2553/2553 2545/2545
f 2545/2545 2553/2553 2546/2546
f 2553/2553 2554/2554 2546/2546
f 2546/2546 2554/2554 2547/2547
f 2554/2554 2555/2555 2547/2547
f 2547/2547 2555/2555 2548/2548
f 2555/2555 2556/2556 2548/2548
f 2548/2548 2556/2556 2549/2549
f 2556/2556 2557/2557 2549/2549
f 2550/2550 2558/2558 2551/2551
f 2558/2558 2559/2559 2551/2551
f 2551/2551 2559/2559 2552/2552
f 2559/2559 2560/2560 2552/2552
f 2552/2552 2560/2560 2553/2553
f 2560/2560 2561/2561 2553/2553
f 2553/2553 2561/2561 2554/2554
f 2561/2561 2562/2562 2554/2554
f 2554/2554 2562/2562 2555/2555
f 2562/2562 2563/2563 2555/2555
f 2555/2555 2563/2563 2556/2556
f 2563/2563 2564/2564 2556/2556
f 2556/2556 2564/2564 2557/2557
f 2564/2564 2565/2565 2557/2557
f 2558/2558 2566/2566 2559/2559
f 2566/2566 2567/2567 2559/2559
f 2559/2559 2567/2567 2560/2560
f 2567/2567 2568/2568 2560/2560
f 2560/2560 2568/2568 2561/2561
f 2568/2568 2569/2569 2561/2561
f 2561/2561 2569/2569 2562/2562
f 2569/2569 2570/2570 2562/2562
f 2562/2562 2570/2570 2563/2563
f 2570/2570 2571/2571 2563/2563
f 2563/2563 2571/2571 2564/2564
f 2571/2571 2572/2572 2564/2564
f 2564/2564 2572/2572 2565/2565
f 2572/2572 2573/2573 2565/2565
f 2566/2566 2574/2574 2567/2567
f 2574/2574 2575/2575 2567/2567
f 2567/2567 2575/2575 2568/2568
f 2575/2575 2576/2576 2568/2568
f 2568/2568 2576/2576 2569/2569
f 2576/2576 2577/2577 2569/2569
f 2569/2569 2577/2577 2570/2570
f 2577/2577 2578/2578 2570/2570
f 2570/2570 2578/2578 2571/2571
f 2578/2578 2579/2579 2571/2571
f 2571/2571 2579/2579 2572/2572
f 2579/2579 2580/2580 2572/2572
f 2572/2572 2580/2580 2573/2573
f 2580/2580 2581/2581 2573/2573
f 2574/2574 2582/2582 2575/2575
f 2582/2582 2583/2583 2575/2575
f 2575/2575 2583/2583 2576/2576
f 2583/2583 2584/2584 2576/2576
f 2576/2576 2584/2584 2577/2577
f 2584/2584 2585/2585 2577/2577
f 2577/2577 2585/2585 2578/2578
f 2585/2585 2586/2586 2578/2578
f 2578/2578 2586/2586 2579/2579
f 2586/2586 2587/2587 2579/2579
f 2579/2579 2587/2587 2580/2580
f 2587/2587 2588/2588 2580/2580
f 2580/2580 2588/2588 2581/2581
f 2588/2588 2589/2589 2581/2581
f 2582/2582 2590/2590 2583/2583
f 2590/2590 2591/2591 2583/2583
f 2583/2583 2591/2591 2584/2584
f 2591/2591 2592/2592 2584/2584
f 2584/2584 2592/2592 2585/2585
f 2592/2592 2593/2593 2585/2585
f 2585/2585 2593/2593 2586/2586
f 2593/2593 2594/2594 2586/2586
f 2586/2586 2594/2594 2587/2587
f 2594/2594 2595/2595 2587/2587
f 2587/2587 2595/2595 2588/2588
f 2595/2595 2596/2596 2588/2588
f 2588/2588 2596/2596 2589/2589
f 2596/2596 2597/2597 2589/2589
f 2590/2590 2598/2598 2591/2591
f 2598/2598 2599/2599 2591/2591
f 2591/2591 2599/2599 2592/2592
f 2599/2599 2600/2600 2592/2592
f 2592/2592 2600/2600 2593/2593
f 2600/2600 2601/2601 2593/2593
f 2593/2593 2601/2601 2594/2594
f 2601/2601 2602/2602 2594/2594
f 2594/2594 2602/2602 2595/2595
f 2602/2602 2603/2603 2595/2595
f 2595/2595 2603/2603 2596/2596
f 2603/2603 2604/2604 2596/2596
f 2596/2596 2604/2604 2597/2597
f 2604/2604 2605/2605 2597/2597
f 2598/2598 2606/2606 2599/2599
f 2606/2606 2607/2607 2599/2599
f 2599/2599 2607/2607 2600/2600
f 2607/2607 2608/2608 2600/2600
f 2600/2600 2608/2608 2601/2601
f 2608/2608 2609/2609 2601/2601
f 2601/2601 2609/2609 2602/2602
f 2609/2609 2610/2610 2602/2602
f 2602/2602 2610/2610 2603/2603
f 2610/2610 2611/2611 2603/2603
f 2603/2603 2611/2611 2604/2604
f 2611/2611 2612/2612 2604/2604
f 2604/2604 2612/2612 2605/2605
f 2612/2612 2613/2613 2605/2605
f 2606/2606 2614/2614 2607/2607
f 2614/2614 2615/2615 2607/2607
f 2607/2607 2615/2615 2608/2608
f 2615/2615 2616/2616 2608/2608
f 2608/2608 2616/2616 2609/2609
f 2616/2616 2617/2617 2609/2609
f 2609/2609 2617/2617 2610/2610
f 2617/2617 2618/2618 2610/2610
f 2610/2610 2618/2618 2611/2611
f 2618/2618 2619/2619 2611/2611
f 2611/2611 2619/2619 2612/2612
f 2619/2619 2620/2620 2612/2612
f 2612/2612 2620/2620 2613/2613
f 2620/2620 2621/2621 2613/2613
f 2614/2614 2622/2622 2615/2615
f 2622/2622 2623/2623 2615/2615
f 2615/2615 2623/2623 2616/2616
f 2623/2623 2624/2624 2616/2616
f 2616/2616 2624/2624 2617/2617
f 2624/2624 2625/2625 2617/2617
f 2617/2617 2625/2625 2618/2618
f 2625/2625 2626/2626 2618/2618
f 2618/2618 2626/2626 2619/2619
f 2626/2626 2627/2627 2619/2619
f 2619/2619 2627/2627 2620/2620
f 2627/2627 2628/2628 2620/2620
f 2620/2620 2628/2628 2621/2621
f 2628/2628 2629/2629 2621/2621
f 2630/2630 2631/2631 2632/2632
f 2631/2631 2633/2633 2632/2632
f 2632/2632 2633/2633 2634/2634
f 2633/2633 2635/2635 2634/2634
f 2634/2634 2635/2635 2636/2636
f 2635/2635 2637/2637 2636/2636
f 2636/2636 2637/2637 2638/2638
f 2637/2637 2639/2639 2638/2638
f 2638/2638 2639/2639 2640/2640
f 2639/2639 2641/2641 2640/2640
f 2640/2640 2641/2641 2642/2642
f 2641/2641 2643/2643 2642/2642
f 2642/2642 2643/2643 2644/2644
f 2643/2643 2645/2645 2644/2644
f 2631/2631 2646/2646 2633/2633
f 2646/2646 2647/2647 2633/2633
f 2633/2633 2647/2647 2635/2635
f 2647/2647 2648/2648 2635/2635
f 2635/2635 2648/2648 2637/2637
f 2648/2648 2649/2649 2637/2637
f 2637/2637 2649/2649 2639/2639
f 2649/2649 2650/2650 2639/2639
f 2639/2639 2650/2650 2641/2641
f 2650/2650 2651/2651 2641/2641
f 2641/2641 2651/2651 2643/2643
f 2651/2651 2652/2652 2643/2643
f 2643/2643 2652/2652 2645/2645
f 2652/2652 2653/2653 2645/2645
f 2646/2646 2654/2654 2647/2647
f 2654/2654 2655/2655 2647/2647
f 2647/2647 2655/2655 2648/2648
f 2655/2655 2656/2656 2648/2648
f 2648/2648 2656/2656 2649/2649
f 2656/2656 2657/2657 2649/2649
f 2649/2649 2657/2657 2650/2650
f 2657/2657 2658/2658 2650/2650
f 2650/2650 2658/2658 2651/2651
f 2658/2658 2659/2659 2651/2651
f 2651/2651 2659/2659 2652/2652
f 2659/2659 2660/2660 2652/2652
f 2652/2652 2660/2660 2653/2653
f 2660/2660 2661/2661 2653/2653
f 2654/2654 2662/2662 2655/2655
f 2662/2662 2663/2663 2655/2655
f 2655/2655 2663/2663 2656/2656
f 2663/2663 2664/2664 2656/2656
f 2656/2656 2664/2664 2657/2657
f 2664/2664 2665/2665 2657/2657
f 2657/2657 2665/2665 2658/2658
f 2665/2665 2666/2666 2658/2658
f 2658/2658 2666/2666 2659/2659
f 2666/2666 2667/2667 2659/2659
f 2659/2659 2667/2667 2660/2660
f 2667/2667 2668/2668 2660/2660
f 2660/2660 2668/2668 2661/2661
f 2668/2668 2669/2669 2661/2661
f 2662/2662 2670/2670 2663/2663
f 2670/2670 2671/2671 2663/2663
f 2663/2663 2671/2671 2664/2664
f 2671/2671 2672/2672 2664/2664
f 2664/2664 2672/2672 2665/2665
f 2672/2672 2673/2673 2665/2665
f 2665/2665 2673/2673 2666/2666
f 2673/2673 2674/2674 2666/2666
f 2666/2666 2674/2674 2667/2667
f 2674/2674 2675/2675 2667/2667
f 2667/2667 2675/2675 2668/2668
f 2675/2675 2676/2676 2668/2668
f 2668/2668 2676/2676 2669/2669
f 2676/2676 2677/2677 2669/2669
f 2670/2670 2678/2678 2671/2671
f 2678/2678 2679/2679 2671/2671
f 2671/2671 2679/2679 2672/2672
f 2679/2679 2680/2680 2672/2672
f 2672/2672 2680/2680 2673/2673
f 2680/2680 2681/2681 2673/2673
f 2673/2673 2681/2681 2674/2674
f 2681/2681 2682/2682 2674/2674
f 2674/2674 2682/2682 2675/2675
f 2682/2682 2683/2683 2675/2675
f 2675/2675 2683/2683 2676/2676
f 2683/2683 2684/2684 2676/2676
f 2676/2676 2684/2684 2677/2677
f 2684/2684 2685/2685 2677/2677
f 2678/2678 2686/2686 2679/2679
f 2686/2686 2687/2687 2679/2679
f 2679/2679 2687/2687 2680/2680
f 2687/2687 2688/2688 2680/2680
f 2680/2680 2688/2688 2681/2681
f 2688/2688 2689/2689 2681/2681
f 2681/2681 2689/2689 2682/2682
f 2689/2689 2690/2690 2682/2682
f 2682/2682 2690/2690 2683/2683
f 2690/2690 2691/2691 2683/2683
f 2683/2683 2691/2691 2684/2684
f 2691/2691 2692/2692 2684/2684
f 2684/2684 2692/2692 2685/2685
f 2692/2692 2693/2693 2685/2685
f 2686/2686 2694/2694 2687/2687
f 2694/2694 2695/2695 2687/2687
f 2687/2687 2695/2695 2688/2688
f 2695/2695 2696/2696 2688/2688
f 2688/2688 2696/2696 2689/2689
f 2696/2696 2697/2697 2689/2689
f 2689/2689 2697/2697 2690/2690
f 2697/2697 2698/2698 2690/2690
f 2690/2690 2698/2698 2691/2691
f 2698/2698 2699/2699 2691/2691
f 2691/2691 2699/2699 2692/2692
f 2699/2699 2700/2700 2692/2692
f 2692/2692 2700/2700 2693/2693
f 2700/2700 2701/2701 2693/2693
f 2694/2694 2702/2702 2695/2695
f 2702/2702 2703/2703 2695/2695
f 2695/2695 2703/2703 2696/2696
f 2703/2703 2704/2704 2696/2696
f 2696/2696 2704/2704 2697/2697
f 2704/2704 2705/2705 2697/2697
f 2697/2697 2705/2705 2698/2698
f 2705/2705 2706/2706 2698/2698
f 2698/2698 2706/2706 2699/2699
f 2706/2706 2707/2707 2699/2699
f 2699/2699 2707/2707 2700/2700
f 2707/2707 2708/2708 2700/2700
f 2700/2700 2708/2708 2701/2701
f 2708/2708 2709/2709 2701/2701
f 2702/2702 2710/2710 2703/2703
f 2710/2710 2711/2711 2703/2703
f 2703/2703 2711/2711 2704/2704
f 2711/2711 2712/2712 2704/2704
f 2704/2704 2712/2712 2705/2705
f 2712/2712 2713/2713 2705/2705
f 2705/2705 2713/2713 2706/2706
f 2713/2713 2714/2714 2706/2706
f 2706/2706 2714/2714 2707/2707
f 2714/2714 2715/2715 2707/2707
f 2707/2707 2715/2715 2708/2708
f 2715/2715 2716/2716 2708/2708
f 2708/2708 2716/2716 2709/2709
f 2716/2716 2717/2717 2709/2709
f 2710/2710 2718/2718 2711/2711
f 2718/2718 2719/2719 2711/2711
f 2711/2711 2719/2719 2712/2712
f 2719/2719 2720/2720 2712/2712
f 2712/2712 2720/2720 2713/2713
f 2720/2720 2721/2721 2713/2713
f 2713/2713 2721/2721 2714/2714
f 2721/2721 2722/2722 2714/2714
f 2714/2714 2722/2722 2715/2715
f 2722/2722 2723/2723 2715/2715
f 2715/2715 2723/2723 2716/2716
f 2723/2723 2724/2724 2716/2716
f 2716/2716 2724/2724 2717/2717
f 2724/2724 2725/2725 2717/2717
f 2718/2718 2726/2726 2719/2719
f 2726/2726 2727/2727 2719/2719
f 2719/2719 2727/2727 2720/2720
f 2727/2727 2728/2728 2720/2720
f 2720/2720 2728/2728 2721/2721
f 2728/2728 2729/2729 2721/2721
f 2721/2721 2729/2729 2722/2722
f 2729/2729 2730/2730 2722/2722
f 2722/2722 2730/2730 2723/2723
f 2730/2730 2731/2731 2723/2723
f 2723/2723 2731/2731 2724/2724
f 2731/2731 2732/2732 2724/2724
f 2724/2724 2732/2732 2725/2725
f 2732/2732 2733/2733 2725/2725
f 2726/2726 2734/2734 2727/2727
f 2734/2734 2735/2735 2727/2727
f 2727/2727 2735/2735 2728/2728
f 2735/2735 2736/2736 2728/2728
f 2728/2728 2736/2736 2729/2729
f 2736/2736 2737/2737 2729/2729
f 2729/2729 2737/2737 2730/2730
f 2737/2737 2738/2738 2730/2730
f 2730/2730 2738/2738 2731/2731
f 2738/2738 2739/2739 2731/2731
f 2731/2731 2739/2739 2732/2732
f 2739/2739 2740/2740 2732/2732
f 2732/2732 2740/2740 2733/2733
f 2740/2740 2741/2741 2733/2733
f 2734/2734 2742/2742 2735/2735
f 2742/2742 2743/2743 2735/2735
f 2735/2735 2743/2743 2736/2736
f 2743/2743 2744/2744 2736/2736
f 2736/2736 2744/2744 2737/2737
f 2744/2744 2745/2745 2737/2737
f 2737/2737 2745/2745 2738/2738
f 2745/2745 2746/2746 2738/2738
f 2738/2738 2746/2746 2739/2739
f 2746/2746 2747/2747 2739/2739
f 2739/2739 2747/2747 2740/2740
f 2747/2747 2748/2748 2740/2740
f 2740/2740 2748/2748 2741/2741
f 2748/2748 2749/2749 2741/2741
f 2742/2742 2750/2750 2743/2743
f 2750/2750 2751/2751 2743/2743
f 2743/2743 2751/2751 2744/2744
f 2751/2751 2752/2752 2744/2744
f 2744/2744 2752/2752 2745/2745
f 2752/2752 2753/2753 2745/2745
f 2745/2745 2753/2753 2746/2746
f 2753/2753 2754/2754 2746/2746
f 2746/2746 2754/2754 2747/2747
f 2754/2754 2755/2755 2747/2747
f 2747/2747 2755/2755 2748/2748
f 2755/2755 2756/2756 2748/2748
f 2748/2748 2756/2756 2749/2749
f 2756/2756 2757/2757 2749/2749
f 2750/2750 2758/2758 2751/2751
f 2758/2758 2759/2759 2751/2751
f 2751/2751 2759/2759 2752/2752
f 2759/2759 2760/2760 2752/2752
f 2752/2752 2760/2760 2753/2753
f 2760/2760 2761/2761 2753/2753
f 2753/2753 2761/2761 2754/2754
f 2761/2761 2762/2762 2754/2754
f 2754/2754 2762/2762 2755/2755
f 2762/2762 2763/2763 2755/2755
f 2755/2755 2763/2763 2756/2756
f 2763/2763 2764/2764 2756/2756
f 2756/2756 2764/2764 2757/2757
f 2764/2764 2765/2765 2757/2757
f 2758/2758 2766/2766 2759/2759
f 2766/2766 2767/2767 2759/2759
f 2759/2759 2767/2767 2760/2760
f 2767/2767 2768/2768 2760/2760
f 2760/2760 2768/2768 2761/2761
f 2768/2768 2769/2769 2761/2761
f 2761/2761 2769/2769 2762/2762
f 2769/2769 2770/2770 2762/2762
f 2762/2762 2770/2770 2763/2763
f 2770/2770 2771/2771 2763/2763
f 2763/2763 2771/2771 2764/2764
f 2771/2771 2772/2772 2764/2764
f 2764/2764 2772/2772 2765/2765
f 2772/2772 2773/2773 2765/2765
f 2766/2766 2774/2774 2767/2767
f 2774/2774 2775/2775 2767/2767
f 2767/2767 2775/2775 2768/2768
f 2775/2775 2776/2776 2768/2768
f 2768/2768 2776/2776 2769/2769
f 2776/2776 2777/2777 2769/2769
f 2769/2769 2777/2777 2770/2770
f 2777/2777 2778/2778 2770/2770
f 2770/2770 2778/2778 2771/2771
f 2778/2778 2779/2779 2771/2771
f 2771/2771 2779/2779 2772/2772
f 2779/2779 2780/2780 2772/2772
f 2772/2772 2780/2780 2773/2773
f 2780/2780 2781/2781 2773/2773
f 2774/2774 2782/2782 2775/2775
f 2782/2782 2783/2783 2775/2775
f 2775/2775 2783/2783 2776/2776
f 2783/2783 2784/2784 2776/2776
f 2776/2776 2784/2784 2777/2777
f 2784/2784 2785/2785 2777/2777
f 2777/2777 2785/2785 2778/2778
f 2785/2785 2786/2786 2778/2778
f 2778/2778 2786/2786 2779/2779
f 2786/2786 2787/2787 2779/2779
f 2779/2779 2787/2787 2780/2780
f 2787/2787 2788/2788 2780/2780
f 2780/2780 2788/2788 2781/2781
f 2788/2788 2789/2789 2781/2781
f 2782/2782 2790/2790 2783/2783
f 2790/2790 2791/2791 2783/2783
f 2783/2783 2791/2791 2784/2784
f 2791/2791 2792/2792 2784/2784
f 2784/2784 2792/2792 2785/2785
f 2792/2792 2793/2793 2785/2785
f 2785/2785 2793/2793 2786/2786
f 2793/2793 2794/2794 2786/2786
f 2786/2786 2794/2794 2787/2787
f 2794/2794 2795/2795 2787/2787
f 2787/2787 2795/2795 2788/2788
f 2795/2795 2796/2796 2788/2788
f 2788/2788 2796/2796 2789/2789
f 2796/2796 2797/2797 2789/2789
f 2790/2790 2798/2798 2791/2791
f 2798/2798 2799/2799 2791/2791
f 2791/2791 2799/2799 2792/2792
f 2799/2799 2800/2800 2792/2792
f 2792/2792 2800/2800 2793/2793
f 2800/2800 2801/2801 2793/2793
f 2793/2793 2801/2801 2794/2794
f 2801/2801 2802/2802 2794/2794
f 2794/2794 2802/2802 2795/2795
f 2802/2802 2803/2803 2795/2795
f 2795/2795 2803/2803 2796/2796
f 2798/2798 2804/2804 2799/2799
f 2804/2804 2805/2805 2799/2799
f 2799/2799 2805/2805 2800/2800
f 2805/2805 2806/2806 2800/2800
f 2800/2800 2806/2806 2801/2801
f 2806/2806 2807/2807 2801/2801
f 2801/2801 2807/2807 2802/2802
f 2807/2807 2808/2808 2802/2802
f 2802/2802 2808/2808 2803/2803
f 2804/2804 2809/2809 2805/2805
f 2809/2809 2810/2810 2805/2805
f 2805/2805 2810/2810 2806/2806
f 2810/2810 2811/2811 2806/2806
f 2806/2806 2811/2811 2807/2807
f 2809/2809 2812/2812 2810/2810
f 2812/2812 2813/2813 2810/2810
f 2810/2810 2813/2813 2811/2811
f 2632/2632 2634/2634 2814/2814
f 2634/2634 2815/2815 2814/2814
f 2814/2814 2815/2815 2816/2816
f 2815/2815 2817/2817 2816/2816
f 2634/2634 2636/2636 2815/2815
f 2636/2636 2818/2818 2815/2815
f 2815/2815 2818/2818 2817/2817
f 2818/2818 2819/2819 2817/2817
f 2817/2817 2819/2819 2820/2820
f 2819/2819 2821/2821 2820/2820
f 2820/2820 2821/2821 2822/2822
f 2821/2821 2823/2823 2822/2822
f 2636/2636 2638/2638 2818/2818
f 2638/2638 2824/2824 2818/2818
f 2818/2818 2824/2824 2819/2819
f 2824/2824 2825/2825 2819/2819
f 2819/2819 2825/2825 2821/2821
f 2825/2825 2826/2826 2821/2821
f 2821/2821 2826/2826 2823/2823
f 2638/2638 2640/2640 2824/2824
f 2640/2640 2827/2827 2824/2824
f 2824/2824 2827/2827 2825/2825
f 2827/2827 2828/2828 2825/2825
f 2825/2825 2828/2828 2826/2826
f 2828/2828 2827/2827 2829/2829
f 2827/2827 2642/2642 2829/2829
f 2829/2829 2642/2642 2644/2644
f 2642/2642 2827/2827 2640/2640
# num_faces: 4332
